,Engine_Size_in_cc,Cylinders,Fuel_Tank_Capacity,Mileage,Power,Kerb_Weight,Comfort,Safety,Price
0,624.0,2,24.0,23.6,374.68,660.0,29.26435578665569,3.5,292667
1,624.0,2,24.0,23.6,374.68,725.0,4.756197824177527,2.5,236447
2,624.0,2,15.0,19.90211704,374.68,710.0,13.759194626720529,2.5,296661
3,624.0,2,24.0,21.9,374.68,725.0,29.23275935358118,3.5,334768
4,624.0,2,24.0,23.6,374.68,725.0,13.759194626720529,2.5,272223
5,624.0,2,24.0,21.9,374.68,710.0,13.727598193646012,4.0,314815
6,799.0,3,28.0,25.17,53.244,990.467868338558,8.080860673771697,6.0,279650
7,799.0,3,28.0,25.17,53.244,990.467868338558,28.58768672400853,5.0,351832
8,799.0,3,28.0,25.17,53.244,990.467868338558,17.083857476314698,4.0,333419
9,799.0,3,28.0,25.17,53.244,990.467868338558,33.08918512528003,4.0,362000
10,999.0,3,28.0,22.5,67.048,990.467868338558,24.08618832273703,4.0,390000
11,999.0,3,28.0,23.0,67.048,990.467868338558,34.58968459237053,5.0,437065
12,799.0,3,28.0,25.17,53.244,669.0,17.24643026542877,10.0,353290
13,799.0,3,28.0,25.17,53.244,669.0,11.24443239706677,5.5,283290
14,799.0,3,28.0,25.17,53.244,669.0,29.750592491182932,11.0,383290
15,799.0,3,28.0,25.17,53.244,669.0,28.250542429508265,10.0,413290
16,999.0,3,28.0,23.01,67.048,669.0,38.75358929372594,11.0,433290
17,999.0,3,28.0,23.01,67.048,669.0,38.75358929372594,11.0,454490
18,999.0,3,28.0,24.04,67.048,669.0,42.75492120596727,11.0,463290
19,999.0,3,28.0,24.04,67.048,669.0,42.75492120596727,11.0,484490
20,999.0,3,28.0,23.01,67.048,669.0,38.75358929372594,11.0,440990
21,999.0,3,28.0,23.01,67.048,669.0,38.75358929372594,11.0,470990
22,999.0,3,28.0,23.01,67.048,669.0,40.25408876081644,11.0,462190
23,999.0,3,28.0,24.04,67.048,669.0,44.25542067305777,11.0,492190
24,1196.0,4,40.0,15.0,71.978,920.0,11.395171667030922,5.5,352136
25,1196.0,4,40.0,15.0,72.964,940.0,11.47470434422327,5.5,380573
26,1196.0,4,40.0,15.0,71.978,928.0,17.397169535392923,1.5,392967
27,1196.0,4,40.0,19.90211704,61.132,1050.0,23.399167403754923,5.5,466057
28,1196.0,4,40.0,19.90211704,61.132,1030.0,17.397169535392923,5.5,425255
29,998.0,3,35.0,24.07,67.048,745.0,16.963534695731276,7.0,377588
30,998.0,3,35.0,24.07,67.048,750.0,20.46470011894244,9.5,394036
31,998.0,3,35.0,24.07,67.048,740.0,16.963534695731276,7.0,360843
32,998.0,3,35.0,24.07,67.048,755.0,18.457293447886087,5.5,407238
33,998.0,3,35.0,19.90211704,58.174,740.0,16.963534695731276,3.0,439777
34,998.0,3,35.0,24.07,67.048,755.0,28.467363943425102,5.5,438559
35,1198.0,3,35.0,20.1,67.048,864.0,18.703428922260372,12.5,374990
36,1198.0,3,35.0,20.1,67.048,864.0,34.20859008219554,12.5,468229
37,1198.0,3,35.0,20.1,67.048,864.0,34.20859008219554,12.5,502492
38,1198.0,3,35.0,20.1,67.048,864.0,26.205926257712875,12.5,499990
39,1198.0,3,35.0,20.1,67.048,864.0,24.705426790622376,12.5,469990
40,1198.0,3,35.0,20.1,67.048,864.0,34.20859008219554,12.5,528464
41,1198.0,3,35.0,20.1,67.048,864.0,34.20859008219554,12.5,553015
42,1198.0,3,35.0,20.1,76.908,864.0,34.20859008219554,12.5,594464
43,1198.0,3,35.0,20.1,76.908,864.0,34.20859008219554,12.5,618015
44,998.0,3,35.0,23.1,67.048,830.0,17.12750662998891,7.5,422444
45,998.0,3,60.0,19.90211704,59.0,915.0,20.12850602815213,6.5,480670
46,1086.0,4,35.0,20.3,68.034,990.467868338558,18.95495149454071,11.0,429990
47,1086.0,4,35.0,20.3,68.034,990.467868338558,20.455450961631207,12.0,503990
48,1086.0,4,35.0,19.90211704,58.174,990.467868338558,20.455450961631207,12.0,547990
49,1086.0,4,35.0,20.3,68.034,990.467868338558,31.45911372029488,12.0,530990
50,1086.0,4,35.0,20.3,68.034,990.467868338558,35.46044563253621,12.0,512990
51,1086.0,4,60.0,19.90211704,58.174,990.467868338558,31.45911372029488,12.0,578990
52,1086.0,4,35.0,20.3,68.034,990.467868338558,31.45911372029488,12.0,570990
53,1086.0,4,35.0,20.3,68.034,990.467868338558,44.46344243507921,12.0,556490
54,1199.0,3,35.0,23.0,84.796,935.0,23.470831626142367,8.0,460000
55,1199.0,3,35.0,23.0,84.796,930.0,46.17210920082007,12.0,520000
56,1199.0,3,35.0,23.0,84.796,930.0,46.17210920082007,12.0,570000
57,1199.0,3,35.0,23.0,84.796,930.0,46.17210920082007,12.0,599000
58,1199.0,3,35.0,23.0,84.796,930.0,46.17210920082007,12.0,610000
59,1199.0,3,35.0,24.0,84.796,930.0,43.16716071250475,12.0,620000
60,1199.0,3,35.0,24.0,84.796,930.0,43.16716071250475,12.0,649000
61,1199.0,3,35.0,24.0,84.796,930.0,43.16716071250475,12.0,660000
62,998.0,3,35.0,23.1,67.048,810.0,20.12850556416991,10.0,481074
63,998.0,3,35.0,23.1,67.048,810.0,20.12850556416991,8.0,475198
64,998.0,3,35.0,23.1,67.048,810.0,20.12850556416991,8.0,518198
65,998.0,3,35.0,23.1,67.048,810.0,20.12850556416991,10.0,524074
66,998.0,3,35.0,23.1,67.048,810.0,31.13216832283357,8.0,499734
67,998.0,3,35.0,23.1,67.048,810.0,31.13216832283357,10.0,540350
68,998.0,3,35.0,23.1,67.048,810.0,31.13216832283357,8.0,542735
69,998.0,3,35.0,23.1,67.048,810.0,31.13216832283357,10.0,552350
70,1197.0,4,32.0,20.89,81.838,860.0,47.22731237430482,11.0,713898
71,1197.0,4,32.0,20.89,81.838,860.0,47.22731237430482,11.0,666898
72,1197.0,4,32.0,20.89,81.838,825.0,37.223982593701486,11.0,607841
73,1197.0,4,32.0,20.89,81.838,825.0,37.223982593701486,12.0,560841
74,1197.0,4,32.0,20.89,81.838,825.0,24.71982036794732,10.0,483320
75,1197.0,4,32.0,20.89,81.838,990.467868338558,41.22531450594282,11.0,630320
76,1197.0,4,32.0,20.89,81.838,990.467868338558,41.22531450594282,11.0,583320
77,999.0,3,40.0,20.5,70.992,947.0,25.838385516468037,10.0,495000
78,999.0,3,40.0,20.5,70.992,947.0,34.84138231901103,9.5,559000
79,999.0,3,40.0,20.5,70.992,947.0,36.34188178610153,9.5,609000
80,999.0,3,40.0,20.5,70.992,947.0,42.343879654463535,9.5,663000
81,1173.0,4,46.0,16.0,75.5276,1080.0,19.047001919400596,8.0,506000
82,1489.0,4,46.0,16.0,63.104,1145.0,16.046002985219594,1.5,568623
83,1173.0,4,46.0,16.0,75.5276,1080.0,21.04766787552126,8.0,670000
84,1489.0,4,46.0,16.0,63.104,1145.0,19.047001919400596,8.0,603000
85,1489.0,4,46.0,16.0,63.104,1145.0,21.04766787552126,7.5,739000
86,1248.0,4,46.0,23.7,70.992,1145.0,21.04766787552126,6.5,739000
87,1197.0,4,45.0,18.16,78.88,895.0,20.202796898810853,10.0,520300
88,1197.0,4,45.0,18.16,78.88,895.0,21.203129876871184,11.0,581000
89,1364.0,4,45.0,23.59,67.048,895.0,20.202796898810853,10.0,647800
90,1197.0,4,45.0,18.16,78.88,895.0,35.20779156971585,11.0,630000
91,1364.0,4,45.0,23.59,67.048,895.0,39.20912348195719,11.0,745000
92,1364.0,4,45.0,23.59,67.048,895.0,31.20645965747452,11.0,704000
93,1197.0,4,45.0,18.16,78.88,895.0,21.203129876871184,11.0,597700
94,1364.0,4,45.0,23.59,67.048,895.0,31.20645965747452,11.0,720700
95,1197.0,4,45.0,18.16,78.88,895.0,35.20779156971585,11.0,641700
96,1364.0,4,45.0,23.59,67.048,895.0,39.20912348195719,11.0,756700
97,1197.0,4,45.0,18.16,78.88,895.0,20.202796898810853,11.0,558400
98,1364.0,4,45.0,23.59,67.048,895.0,20.202796898810853,11.0,686000
99,1197.0,4,45.0,18.16,78.88,895.0,38.20879050389685,11.0,662700
100,1364.0,4,45.0,23.59,67.048,895.0,42.21012241613818,11.0,777700
101,1198.0,3,41.0,18.97,67.048,990.467868338558,24.69081273223353,6.5,525021
102,1198.0,3,41.0,19.49,67.048,990.467868338558,36.19464197992737,12.0,599950
103,1198.0,3,41.0,18.97,67.048,990.467868338558,36.19464197992737,6.5,563133
104,1248.0,4,44.0,22.95,73.95,1132.0,34.126492443744695,12.0,787980
105,1248.0,4,44.0,22.95,73.95,1132.0,17.12083181671903,7.0,661111
106,1248.0,4,44.0,22.95,73.95,1132.0,32.6259929986323,12.0,693798
107,1248.0,4,44.0,22.95,73.95,1132.0,31.125493509563697,12.0,719661
108,1193.0,4,44.0,17.57,88.74,1095.0,35.126825436457096,12.0,674960
109,1193.0,4,44.0,17.57,88.74,1095.0,17.12083181671903,8.0,529035
110,1193.0,4,44.0,17.57,88.74,1095.0,31.125493509563697,11.0,590268
111,1193.0,4,44.0,17.57,88.74,1095.0,31.125493509563697,12.0,614515
112,1197.0,4,43.0,19.90211704,81.838,1100.0,18.99463400676944,10.0,556130
113,1197.0,4,43.0,15.7,81.838,1100.0,8.491137737135936,7.0,536859
114,1197.0,4,43.0,19.90211704,81.838,1100.0,18.99463400676944,10.0,556130
115,1197.0,4,43.0,19.90211704,81.8,1100.0,18.99463400676944,10.0,536859
116,1197.0,4,43.0,20.14,70.0,1100.0,9.991637204226436,7.0,639616
117,1197.0,4,43.0,20.0,70.006,1100.0,9.991637204226436,7.0,620297
118,1248.0,4,42.0,28.4,73.95,1045.0,18.83855759148079,8.0,653523
119,1197.0,4,42.0,22.0,81.838,935.0,17.330159016121662,7.0,553423
120,1197.0,4,42.0,19.90211704,69.0,935.0,17.330159016121662,7.0,598940
121,1197.0,4,45.0,18.6,82.824,1066.0,18.77618147536773,12.0,559693
122,1396.0,4,45.0,22.54,88.74,1510.0,18.7869671565074,12.0,697803
123,1197.0,4,45.0,18.6,82.824,1058.0,37.29312725062357,12.0,634950
124,1396.0,4,45.0,22.54,88.74,1510.0,37.29312725062357,12.0,770803
125,1197.0,4,45.0,18.6,82.824,1060.0,43.29512511898557,12.0,721693
126,1396.0,4,45.0,22.54,88.74,1515.0,43.29512511898557,12.0,876103
127,1197.0,4,45.0,18.15,82.824,1515.0,43.2951251678258,10.0,808993
128,1396.0,4,45.0,22.54,88.74,1515.0,43.29512511898557,10.0,934003
129,1197.0,4,45.0,18.6,81.838,1066.0,43.29512511898557,8.5,920993
130,1197.0,4,45.0,18.6,82.824,1060.0,43.29512511898557,12.0,751693
131,1197.0,4,45.0,18.6,82.824,1060.0,43.29512511898557,12.0,831693
132,1396.0,4,45.0,22.54,88.74,1515.0,43.29512511898557,12.0,846103
133,1197.0,4,37.0,20.5,81.838,990.467868338558,24.972680432805728,8.0,579900
134,1197.0,4,37.0,20.5,81.838,990.467868338558,33.975677235348726,9.0,655900
135,1197.0,4,37.0,20.1,81.838,990.467868338558,33.975677235348726,9.0,705800
136,1197.0,4,37.0,20.5,81.838,990.467868338558,38.47717563662023,12.0,729900
137,1197.0,4,37.0,20.1,81.838,990.467868338558,47.480172439163226,12.0,804800
138,1197.0,4,37.0,20.5,81.838,990.467868338558,50.48117137334423,10.5,785900
139,1197.0,4,37.0,20.5,68.034,990.467868338558,33.975677235348726,9.0,728900
140,998.0,4,37.0,20.5,98.6,990.467868338558,47.480172439163226,12.0,854900
141,1186.0,4,37.0,25.35,73.95,990.467868338558,33.975677235348726,9.0,773800
142,1186.0,4,37.0,20.4,73.95,990.467868338558,33.975677235348726,9.0,823700
143,1186.0,4,37.0,25.4,73.95,990.467868338558,47.480172439163226,12.0,922700
144,1186.0,4,37.0,25.35,73.95,990.467868338558,50.48117137334423,12.0,903800
145,999.0,3,45.0,18.78,74.936,1033.0,19.754057099232494,7.0,582000
146,999.0,3,45.0,18.78,74.936,1049.0,32.258219324986655,8.5,676500
147,999.0,3,45.0,18.78,74.936,1053.0,46.262881017831326,10.0,776500
148,1498.0,4,45.0,20.14,88.74,1033.0,19.754057099232494,7.0,734500
149,1498.0,4,45.0,20.14,88.74,1142.0,31.257886346926327,10.0,851500
150,1498.0,4,45.0,20.14,88.74,1158.0,46.262881017831326,12.0,931500
151,1197.0,4,45.0,17.21,103.53,1109.0,44.26221506171066,12.0,976000
152,1498.0,4,45.0,19.91,112.404,1148.0,44.20297174969595,10.0,988500
153,1197.0,4,37.0,22.0,83.1198,860.0,17.47057141091858,13.0,582613
154,1197.0,4,37.0,22.0,83.1198,872.0,30.47490012570292,14.0,673112
155,1248.0,4,37.0,28.4,73.95,955.0,18.97107087800908,14.0,666622
156,1197.0,4,37.0,22.0,83.1198,882.0,40.478229906306254,14.0,732113
157,1248.0,4,37.0,28.4,73.95,967.0,30.47490012570292,14.0,757622
158,1197.0,4,37.0,22.0,83.1198,872.0,30.47490012570292,14.0,720112
159,1248.0,4,37.0,28.4,73.95,978.0,40.478229906306254,14.0,863122
160,1248.0,4,37.0,28.4,73.95,978.0,40.478229906306254,12.0,816622
161,1197.0,4,37.0,22.0,83.1198,895.0,40.478229906306254,14.0,821613
162,1197.0,4,37.0,22.0,83.1198,882.0,40.478229906306254,14.0,779113
163,1197.0,4,37.0,22.0,83.1198,990.0,40.478229906306254,12.0,868613
164,1248.0,4,37.0,28.4,73.95,895.0,43.47922884048725,14.0,906122
165,1248.0,4,37.0,28.4,73.95,967.0,30.47490012570292,14.0,804622
166,1248.0,4,37.0,28.4,73.95,990.0,43.47922884048725,14.0,952622
167,1498.0,4,40.0,24.4,98.6,1062.0,24.735019331831765,11.0,676400
168,1498.0,4,40.0,24.4,98.6,1074.0,43.241179425947934,12.0,790900
169,1498.0,4,40.0,24.4,98.6,1080.0,43.241179425947934,12.0,836400
170,1194.0,3,42.0,19.0,94.656,1026.0,28.7363512440731,5.5,591400
171,1194.0,3,42.0,19.0,94.656,1038.0,43.241179425947934,12.0,721400
172,1194.0,3,42.0,19.0,94.656,1044.0,43.241179425947934,12.0,756400
173,1194.0,3,42.0,19.0,94.656,1032.0,40.240180491766935,12.0,681400
174,1498.0,3,42.0,24.4,98.6,1068.0,40.240180491766935,12.0,745900
175,1498.0,4,45.0,21.66,108.46,1044.0,21.853462025927577,9.0,711500
176,1498.0,4,45.0,21.66,108.46,1044.0,40.35962212004375,9.0,810500
177,1498.0,4,45.0,21.73,108.46,1184.0,43.36062105422474,11.0,999900
178,1498.0,4,45.0,21.66,108.46,1044.0,34.35762425168174,9.0,925500
179,999.0,3,45.0,19.0,74.936,1027.0,15.85146415756558,11.0,594000
180,999.0,3,45.0,19.0,74.936,1039.0,26.35496042719908,11.0,665000
181,999.0,3,45.0,19.0,74.936,1050.0,35.35795722974208,11.0,799900
182,1498.0,4,45.0,21.73,108.46,1184.0,43.36062105422474,11.0,999900
183,1194.0,4,42.0,20.4,94.656,1030.0,18.981468294423635,12.0,598500
184,1194.0,4,42.0,20.4,94.656,1030.0,43.4896262569018,12.0,697400
185,1194.0,4,42.0,20.4,94.656,1030.0,40.4886273227208,12.0,663400
186,1498.0,4,40.0,26.1,98.6,1067.0,18.981468294423635,12.0,699400
187,1498.0,4,40.0,26.1,98.6,1067.0,40.4886273227208,8.0,737400
188,1498.0,4,40.0,26.1,98.6,1067.0,40.48907672813663,9.5,777400
189,1498.0,4,40.0,26.1,98.6,1067.0,40.4886273227208,12.0,817400
190,1498.0,4,40.0,26.1,98.6,1067.0,37.48762838853981,12.0,862400
191,1194.0,4,42.0,19.4,94.656,990.467868338558,43.4896262569018,12.0,782400
192,1194.0,4,42.0,19.4,94.656,1030.0,40.4886273227208,12.0,737400
193,1194.0,4,42.0,19.90211704,94.656,1030.0,43.4896262569018,12.0,758314
194,1194.0,4,42.0,19.4,94.656,1030.0,40.4886273227208,12.0,762400
195,1498.0,4,40.0,26.1,98.6,1067.0,40.4886273227208,12.0,842400
196,1496.0,4,45.0,16.78,88.74,935.0,20.87619824746278,11.0,627100
197,1496.0,4,45.0,16.78,88.74,935.0,31.879861006126447,11.0,718600
198,1364.0,4,45.0,23.59,67.048,1020.0,20.87619824746278,11.0,734700
199,1364.0,4,45.0,23.59,67.048,1020.0,31.879861006126447,11.0,828600
200,1364.0,4,45.0,23.59,67.048,1020.0,37.88185887448845,11.0,888400
201,1496.0,4,45.0,16.78,88.74,990.0,37.88185887448845,11.0,778400
202,1496.0,4,45.0,16.78,88.74,935.0,20.87619824746278,11.0,689600
203,1364.0,4,45.0,23.59,67.048,1020.0,31.879861006126447,11.0,799600
204,1364.0,4,45.0,23.59,67.048,1020.0,37.88185887448845,11.0,913400
205,1496.0,4,45.0,16.78,88.74,990.0,37.88185887448845,11.0,803400
206,1496.0,4,45.0,16.78,88.74,950.0,31.22443592783195,11.0,802000
207,1197.0,4,45.0,17.71,78.88,935.0,30.22410294977162,7.0,650000
208,1364.0,4,45.0,23.59,67.048,1030.0,31.22443592783195,11.0,797500
209,1364.0,4,45.0,23.59,67.048,1015.0,30.22410294977162,11.0,766000
210,1197.0,4,45.0,17.71,78.88,935.0,30.22410294977162,7.0,668500
211,1364.0,4,45.0,23.59,67.048,1015.0,30.22410294977162,11.0,816000
212,1461.0,4,50.0,20.08,64.09,1155.0,17.378029119238093,4.5,657628
213,1461.0,4,50.0,20.08,64.09,1155.0,20.37902805341909,8.0,685729
214,1461.0,4,50.0,20.08,64.09,1155.0,30.382357834022425,12.0,750428
215,1248.0,4,45.0,20.0,91.698,1210.0,33.98736174685615,13.0,677618
216,1248.0,4,45.0,20.0,91.698,1215.0,35.48786121394666,12.0,739074
217,1368.0,4,45.0,17.1,138.04,1215.0,41.489859082308655,13.0,977516
218,1248.0,4,45.0,20.0,91.698,1215.0,41.489859082308655,13.0,810211
219,1197.0,4,37.0,23.87,87.754,910.0,45.40737256468317,14.0,721900
220,1197.0,4,37.0,21.01,80.852,890.0,50.409037435448745,14.0,758200
221,1197.0,4,37.0,19.56,80.852,935.0,43.40670658902641,14.0,829900
222,1197.0,4,37.0,19.56,80.852,935.0,50.409037435448745,14.0,890200
223,1197.0,4,37.0,19.56,80.852,935.0,43.40670658902641,14.0,697900
224,1248.0,4,45.0,20.5,91.698,1245.0,30.26833918675832,10.5,796132
225,1248.0,4,45.0,20.5,91.698,1240.0,18.764509939064485,6.5,711801
226,1248.0,4,45.0,20.5,91.698,1255.0,40.27166898689775,11.0,876341
227,1199.0,4,40.0,18.2,88.74,1042.0,43.413408373465536,12.0,745000
228,1199.0,4,40.0,19.0,88.74,1066.0,43.413408373465536,12.0,909000
229,1199.0,4,40.0,18.2,88.74,1044.0,47.41474028570687,12.0,789000
230,1199.0,4,40.0,19.0,88.74,1064.0,43.413408373465536,12.0,865000
231,1498.0,4,40.0,27.3,98.6,1139.0,35.41074454898287,9.5,816500
232,1498.0,4,40.0,27.3,98.6,1146.0,43.413408373465536,12.0,896500
233,1498.0,4,40.0,27.3,98.6,1155.0,43.413408373465536,12.0,940500
234,1199.0,4,40.0,18.2,89.0,1066.0,43.413408373465536,12.0,928000
235,1956.0,4,60.0,16.3,170.578,1654.0,54.63868085560767,15.0,2680000
236,1956.0,4,60.0,16.3,170.578,1654.0,54.5445232158835,15.0,2760000
237,2999.0,4,76.0,13.8,174.522,990.467868338558,51.93815065144733,14.0,2734834
238,2999.0,4,76.0,13.8,174.522,990.467868338558,51.93815063191124,14.0,2931534
239,2157.0,4,70.0,12.35,178.0,990.467868338558,49.60667612907029,14.0,2770150
240,2157.0,4,70.0,12.05,178.0,990.467868338558,68.48858547998849,15.0,3070150
241,1968.0,4,71.0,17.06,139.026,1720.0,59.99931925474274,12.5,2814500
242,1968.0,4,71.0,17.06,139.026,1720.0,63.00031818892375,14.0,3153500
243,1997.0,4,57.0,14.4,151.844,990.467868338558,58.82252300891252,15.0,2827001
244,1597.0,4,57.0,19.5,118.32,990.467868338558,61.4646540967249,15.0,3067001
245,1597.0,4,57.0,18.3,118.32,1725.0,58.46365517719597,14.0,3277001
246,1798.0,4,66.0,13.7,177.48,1540.0,71.53413326199075,15.0,2899599
247,1968.0,4,66.0,18.19,174.522,1565.0,69.53346728633399,15.0,3149599
248,1968.0,4,50.0,20.38,140.998,1340.0,47.6007912714374,14.0,3021200
249,1968.0,4,50.0,20.38,140.998,1340.0,50.6017902056184,14.0,3221200
250,1395.0,4,50.0,19.2,147.9,1340.0,47.6007912714374,14.0,2920750
251,1395.0,4,50.0,19.2,147.9,1340.0,47.6007912714374,14.0,3120750
252,1595.0,4,50.0,14.81,120.292,1425.0,54.22287224907083,15.0,2988311
253,2143.0,4,50.0,15.0,134.096,1577.0,59.2245371393725,15.0,3089851
254,1595.0,4,50.0,14.81,120.292,1425.0,54.22287224907083,15.0,3198662
255,2143.0,4,50.0,15.0,134.096,1577.0,59.2245371393725,15.0,3303282
256,1991.0,4,56.0,15.04,180.438,1510.0,58.18461468287441,15.0,3599000
257,2143.0,4,56.0,17.9,134.096,1570.0,58.18461468287441,15.0,3172000
258,2143.0,4,56.0,17.9,134.096,1570.0,58.18461468287441,15.0,3699000
259,1968.0,4,66.0,18.19,174.522,1565.0,63.53146941797199,15.0,3299599
260,1968.0,4,66.0,18.19,148.0,1565.0,63.53146941797199,15.0,3678599
261,1968.0,4,66.0,18.19,174.522,1565.0,63.53146941797199,15.0,3299599
262,2000.0,4,60.0,10.0,246.5,1580.0,21.605798809584087,7.0,3407407
263,1968.0,4,64.0,15.73,148.0,1585.0,51.6869692848679,14.0,3677200
264,1968.0,4,64.0,15.73,174.522,1685.0,52.187135754361975,14.0,3992200
265,1968.0,4,64.0,15.73,174.522,1585.0,54.187801730018734,14.0,4361000
266,1395.0,4,64.0,16.9,147.9,1585.0,57.18880066419973,14.0,3496750
267,1496.0,3,44.0,21.15,114.376,1295.0,40.27715692695976,11.0,3600000
268,1998.0,4,44.0,14.59,189.312,1370.0,48.967867510947805,15.0,3830000
269,1969.0,5,49.30086207,19.90211704,190.0,990.467868338558,55.06491310735675,14.0,3990000
270,1969.0,5,49.30086207,19.90211704,190.0,990.467868338558,55.06491310735675,14.0,4390000
271,1969.0,5,54.0,19.90211704,187.34,990.467868338558,55.14722208467798,15.0,3990000
272,1998.0,4,49.30086207,13.8,189.312,1960.0,50.975842225789776,14.0,4120000
273,1395.0,4,54.0,19.90211704,147.9,1450.0,73.73873544658636,15.0,4149000
274,1395.0,4,54.0,19.90211704,147.9,1450.0,74.23890194294256,15.0,4507000
275,1998.0,4,44.0,16.47,231.0,1330.0,51.06673086267293,15.0,4350000
276,1997.0,4,61.0,11.0,246.5,1639.0,62.68929831409349,15.0,4498000
277,1999.0,4,56.0,11.0,177.48,1611.0,62.50142369546053,15.0,4498000
278,1999.0,4,56.0,11.0,177.48,1611.0,68.00325510165449,15.0,4633000
279,1997.0,4,61.0,11.0,246.5,1639.0,68.19112972028745,15.0,4633000
280,1999.0,4,74.0,13.12,243.542,1730.0,67.8980101011903,15.0,5436329
281,1999.0,4,82.0,13.12,243.542,1871.0,65.84068136295244,15.0,6073446
282,1999.0,4,83.0,19.33,177.48,1871.0,47.83468775786645,15.0,6138811
283,1999.0,4,66.0,19.33,177.48,1729.0,62.89634570905901,15.0,5506622
284,1999.0,4,66.0,19.33,177.48,1687.0,65.89734464324002,15.0,4977080
285,1395.0,4,50.0,19.2,148.0,1430.0,54.20654751998696,14.0,5038000
286,1984.0,4,73.0,14.11,241.57,1780.0,68.40926822425251,15.0,5442200
287,1984.0,4,73.0,14.11,241.57,1780.0,68.40926822425251,15.0,5942200
288,1995.0,4,67.0,18.56,187.34,1785.0,53.38767025306021,15.0,5930000
289,1998.0,4,67.0,18.56,248.0,1785.0,53.38767025306021,15.0,5880000
290,1995.0,4,67.0,18.56,187.34,1785.0,53.38767025306021,15.0,5600000
291,1999.0,4,70.0,19.90211704,176.494,2087.0,58.03407313816035,15.0,5706000
292,1999.0,4,70.0,19.90211704,176.494,2087.0,58.03407313816035,15.0,6089000
293,1969.0,4,49.30086207,19.90211704,187.34,990.467868338558,78.5799312035904,14.0,5890000
294,2995.0,6,58.0,13.57,328.338,1790.0,69.06058812290368,15.0,7243000
295,2993.0,6,49.30086207,13.38,265.0,990.467868338558,71.74259248426262,15.0,7330000
296,2993.0,6,49.30086207,13.38,265.0,990.467868338558,68.74159355008162,15.0,8290000
297,2998.0,6,49.30086207,11.24,340.0,990.467868338558,68.74159355008162,15.0,8290000
298,4951.0,8,60.9,13.0,395.386,990.467868338558,61.976892083281584,15.0,7462000
299,2987.0,6,93.5,12.8,236.64,2432.0,61.85605068589788,15.0,7882867
300,2987.0,6,93.5,12.8,236.64,2455.0,61.85605068589788,15.0,8931819
301,6417.0,8,93.5,12.8,468.0,2458.0,63.36149370047493,15.0,11400000
302,3604.0,6,93.5,8.61,281.996,2455.0,61.85605068589788,15.0,7515000
303,2996.0,6,80.0,10.0,329.324,1640.0,59.639518889794914,13.5,7711338
304,2979.0,6,52.0,9.9,410.0,1625.0,61.01259461936979,13.5,8180000
305,1988.0,4,54.0,7.4,295.8,1440.0,57.474424817866336,14.0,8995000
306,1988.0,4,54.0,7.4,295.8,1440.0,58.47475778860063,15.0,8595000
307,2987.0,6,100.0,11.6,254.388,2535.0,59.59832269975843,12.5,8820000
308,5461.0,8,80.0,12.0,549.202,2580.0,59.29089542694655,12.5,19199181
309,2996.0,8,80.0,12.0,328.338,2580.0,63.29222733918788,13.5,8776900
310,2996.0,8,80.0,12.0,328.338,2580.0,63.29222733918788,13.5,8690000
311,2987.0,6,100.0,11.6,254.388,2535.0,59.59832269975843,13.5,8690000
312,2982.0,4,87.0,11.13,170.578,990.467868338558,69.45521300302138,14.0,9630000
313,3456.0,6,65.0,18.0,258.332,2195.0,68.08362562329715,15.0,9900000
314,2894.0,8,58.0,10.8,443.7,1770.0,71.48899323750513,15.0,11141200
315,2993.0,6,78.0,17.66,261.29,990.467868338558,78.26843390964676,15.0,12290000
316,2993.0,6,78.0,17.66,261.29,990.467868338558,78.26843390964676,15.0,13200000
317,2993.0,6,78.0,17.66,261.29,990.467868338558,78.26843390964676,15.0,13510000
318,2998.0,6,78.0,11.86,335.24,990.467868338558,78.26843390964676,15.0,13510000
319,2998.0,6,46.0,19.90211704,281.996,990.467868338558,78.22667879093032,15.0,16500000
320,6592.0,12,78.0,7.96,600.474,990.467868338558,78.22667879093032,15.0,24250000
321,2995.0,4,85.0,19.90211704,335.24,2115.0,78.91945690043059,15.0,13359500
322,2987.0,6,90.0,13.5,254.388,2132.0,71.86242633775885,15.0,13558438
323,2996.0,6,70.0,7.8,328.338,2113.0,75.32409686187594,15.0,13976653
324,3982.0,8,80.0,14.0,443.7,2080.0,74.41882919989837,13.5,25500000
325,2987.0,6,80.0,7.9,271.15,990.467868338558,76.39118443188644,15.0,14512054
326,2979.0,6,80.0,7.9,345.1,990.467868338558,76.39118443188644,15.0,14863774
327,2979.0,6,80.0,7.9,423.98,990.467868338558,76.39118443188644,15.0,15383399
328,3982.0,8,96.0,19.90211704,585.0,2560.0,57.61483298476137,15.0,21875136
329,2925.0,6,100.0,19.90211704,284.954,2453.0,57.4718897835569,15.0,15000000
330,2995.0,8,82.0,19.90211704,335.24,2030.0,78.14802023425774,15.0,15600000
331,4691.0,8,86.0,10.0,453.56,1880.0,45.64203509375592,15.0,17229579
332,2987.0,6,70.0,7.9,271.15,1925.0,58.19207810108047,15.0,17900000
333,3456.0,6,82.0,19.90211704,294.814,1985.0,64.39783671679477,15.0,19600000
334,5980.0,12,80.0,7.8,621.18,2200.0,80.13788816407357,15.0,27308312
335,4663.0,8,80.0,7.8,446.658,2200.0,76.17605078218254,15.0,19890000
336,3996.0,8,90.0,10.63,542.3,2045.0,77.9179560325134,15.0,21263000
337,3996.0,8,90.0,10.63,542.3,990.467868338558,77.91795676511691,15.0,22613000
338,3996.0,8,90.0,10.63,542.3,990.467868338558,77.9179560325134,15.0,21747000
339,4461.0,4,93.0,18.0,257.346,2660.0,62.99574330543648,15.0,23290000
340,4663.0,8,80.0,7.8,448.63,2115.0,75.175716714985,15.0,23491293
341,5204.0,10,75.0,6.71,601.46,1670.0,45.5728937796887,13.0,27245000
342,3996.0,8,75.0,7.8,640.9,2200.0,64.15632565366352,15.0,30000000
343,5998.0,12,90.0,8.6,581.74,2320.0,57.977348928899374,15.0,33791059
344,3855.0,8,92.0,9.0,552.16,1730.0,58.22689570196958,15.0,35000000
345,5950.0,12,85.0,19.0,599.488,2422.0,75.21060531984801,15.0,45941557
346,3996.0,12,85.0,8.77,542.3,2428.0,75.210605314964,15.0,37542069
347,5198.0,12,80.0,19.90211704,599.488,1680.0,64.32715607152448,15.0,40456503
348,4497.0,8,86.0,9.0,596.53,1395.0,59.72607302287953,15.0,42531500
349,6593.0,12,82.5,17.3,555.118,2490.0,61.30196124031934,15.0,46709733
350,6592.0,12,82.5,7.29,570.0,2490.0,61.30196207060331,15.0,53247201
351,6592.0,12,83.0,10.2,616.25,2360.0,60.5739745509742,12.0,50025840
352,6752.0,8,90.0,9.5,504.832,2685.0,58.137119433052746,15.0,52571294
353,6750.0,12,49.30086207,22.15,555.118,2753.0,15.613333448193409,1.0,69500000
354,6749.0,12,100.0,22.8,453.56,2629.0,60.94401065182076,15.0,77312661
355,7993.0,16,49.30086207,5.95,147.9,1995.0,60.58193366832488,15.0,192142937
356,7993.0,16,49.30086207,5.95,659.739,1995.0,60.58193366832488,15.0,212155397
357,216.0,4,49.30086207,35.0,173.42,990.467868338558,4.381626303782479,4.0,263000
358,216.0,4,49.30086207,19.90211704,160.08,990.467868338558,4.381626303782479,4.0,283000
359,796.0,3,35.0,22.05,48.0,730.0,5.380797645408795,3.0,294800
360,796.0,3,35.0,22.05,48.0,732.0,5.380797645408795,7.0,299900
361,796.0,3,35.0,22.05,47.0,755.0,18.885292849223298,3.0,352900
362,796.0,3,35.0,22.05,48.0,757.0,18.885292849223298,7.0,357200
363,796.0,3,35.0,22.05,48.0,762.0,35.89095347624896,8.0,376100
364,796.0,3,35.0,22.05,47.0,755.0,18.885292849223298,3.0,405570
365,796.0,3,35.0,22.05,48.0,757.0,18.885292849223298,7.0,409190
366,796.0,3,35.0,22.05,48.0,762.0,35.89095347624896,8.0,389600
367,998.0,3,27.0,21.4,66.062,726.0,11.39627826232848,8.5,370500
368,998.0,3,27.0,21.4,66.062,726.0,11.39627826232848,8.5,376500
369,998.0,3,27.0,21.4,66.062,726.0,23.40027399905248,8.5,409000
370,998.0,3,27.0,21.4,66.062,726.0,23.40027399905248,8.5,415000
371,998.0,3,27.0,21.7,66.062,726.0,33.90377026868598,10.5,432500
372,998.0,3,27.0,21.7,66.062,726.0,33.90377026868598,10.5,438500
373,998.0,3,27.0,21.7,66.062,726.0,33.90377026868598,10.5,475500
374,998.0,3,27.0,21.7,66.062,726.0,35.40426973577648,10.5,456000
375,998.0,3,27.0,21.7,66.062,726.0,33.90377026868598,10.5,481500
376,998.0,3,27.0,21.7,66.062,726.0,35.40426973577648,10.5,499000
377,998.0,3,35.0,23.1,67.048,810.0,17.12750662998891,5.5,426289
378,998.0,3,35.0,23.1,67.048,810.0,20.12850556416991,6.5,465138
379,998.0,3,35.0,23.1,67.048,810.0,20.12850556416991,6.5,508138
380,998.0,3,35.0,23.1,67.048,810.0,31.13216832283357,8.0,490924
381,998.0,3,35.0,23.1,67.048,810.0,31.13216832283357,10.0,531279
382,998.0,3,35.0,19.90211704,58.174,810.0,20.12850556416991,6.5,530000
383,998.0,3,35.0,23.1,67.048,830.0,31.13216832283357,8.0,533924
384,998.0,3,35.0,23.1,67.048,830.0,17.12750662998891,7.5,434659
385,998.0,3,35.0,23.1,67.048,810.0,20.12850556416991,8.5,472257
386,998.0,3,35.0,23.1,67.048,810.0,20.12850556416991,8.5,515257
387,998.0,3,35.0,23.1,67.048,830.0,31.13216832283357,10.0,543279
388,1120.0,3,43.0,19.90211704,70.006,990.467868338558,26.19893888175583,7.0,551530
389,1120.0,3,43.0,19.90211704,70.006,990.467868338558,27.69943834884633,9.0,568930
390,1197.0,4,43.0,19.77,81.838,1003.0,18.69644154630333,7.0,460369
391,1197.0,4,43.0,19.77,81.838,1003.0,18.69644154630333,7.0,477511
392,1197.0,4,43.0,19.90211704,81.838,935.0,18.69644154630333,7.0,545946
393,1197.0,4,43.0,19.90211704,81.838,935.0,18.69644154630333,7.0,528804
394,1198.0,3,35.0,18.15,80.852,990.467868338558,17.391849684698435,8.0,488194
395,1198.0,3,35.0,18.15,80.852,990.467868338558,17.391849684698435,9.5,532184
396,1198.0,3,35.0,25.32,75.922,990.467868338558,17.391849684698435,9.5,590798
397,1198.0,3,35.0,25.32,75.922,990.467868338558,17.391849684698435,9.5,619243
398,1198.0,3,35.0,25.32,75.922,990.467868338558,20.392848618879437,10.5,667273
399,1198.0,3,35.0,18.15,80.852,990.467868338558,20.392848618879437,9.5,579645
400,1198.0,3,35.0,18.15,80.852,990.467868338558,31.396511377543103,12.0,631144
401,1198.0,3,35.0,25.32,75.922,990.467868338558,28.3955124433621,12.0,754548
402,1198.0,3,35.0,18.15,80.852,990.467868338558,31.396511377543103,12.0,693550
403,1198.0,3,35.0,25.32,75.922,990.467868338558,31.396511377543103,12.0,787304
404,1198.0,3,35.0,18.15,80.852,990.467868338558,31.396511377543103,12.0,701045
405,1198.0,3,35.0,25.32,75.922,990.467868338558,31.396511377543103,12.0,794800
406,1198.0,3,35.0,18.15,80.852,990.467868338558,20.204974000246477,9.5,573250
407,1198.0,3,35.0,18.15,80.852,990.467868338558,31.20863675891014,12.0,631146
408,1198.0,3,35.0,18.15,80.852,990.467868338558,31.20863675891014,12.0,687175
409,1198.0,3,35.0,25.32,75.922,990.467868338558,20.204974000246477,10.5,660832
410,1198.0,3,35.0,25.32,75.922,990.467868338558,28.20763782472914,12.0,748128
411,1198.0,3,35.0,25.32,75.922,990.467868338558,31.20863675891014,12.0,780884
412,1198.0,3,35.0,25.32,75.922,990.467868338558,17.20397506606547,9.5,550155
413,1198.0,3,35.0,25.32,75.922,990.467868338558,17.391849684698435,9.5,559741
414,1198.0,3,35.0,18.15,80.852,990.467868338558,17.20397506606547,8.0,524312
415,1198.0,3,35.0,18.15,80.852,990.467868338558,17.391849684698435,8.0,542913
416,1197.0,4,37.0,20.4,81.838,855.0,17.253345176507672,13.0,519000
417,1197.0,4,37.0,20.4,81.838,863.0,31.258006869352336,14.0,619000
418,1197.0,4,37.0,20.4,81.838,863.0,31.258006869352336,14.0,666000
419,1197.0,4,37.0,20.4,81.838,871.0,40.26100367189534,14.0,678000
420,1197.0,4,37.0,20.4,81.838,871.0,40.26100367189534,14.0,725000
421,1197.0,4,37.0,20.4,81.838,880.0,41.26133664995567,14.0,758000
422,1248.0,4,37.0,25.2,73.95,955.0,17.253345176507672,14.0,599000
423,1248.0,4,37.0,25.2,73.95,965.0,31.258006869352336,14.0,698000
424,1248.0,4,37.0,25.2,73.95,965.0,31.258006869352336,14.0,745000
425,1248.0,4,37.0,25.2,73.95,975.0,40.26100367189534,14.0,757000
426,1248.0,4,37.0,25.2,73.95,975.0,40.26100367189534,14.0,804000
427,1248.0,4,37.0,25.2,73.95,985.0,41.26133664995567,14.0,838000
428,1197.0,4,37.0,20.4,81.838,880.0,41.26133664995567,14.0,802000
429,1248.0,4,37.0,25.2,73.95,985.0,41.26133664995567,14.0,884000
430,1199.0,3,37.0,18.0,84.796,990.467868338558,24.916889187051368,9.5,529000
431,1199.0,3,37.0,19.90211704,84.796,990.467868338558,24.916889187051368,9.5,615000
432,1199.0,3,37.0,19.90211704,84.796,990.467868338558,39.4217173689262,12.0,684000
433,1199.0,3,37.0,19.90211704,84.796,990.467868338558,45.4237152372882,12.0,744000
434,1199.0,3,37.0,19.90211704,84.796,990.467868338558,50.42538012758987,12.0,769000
435,1497.0,4,37.0,25.0,88.74,990.467868338558,24.916889187051368,9.5,699000
436,1497.0,4,37.0,19.90211704,88.74,990.467868338558,24.916889187051368,9.5,775000
437,1497.0,4,37.0,19.90211704,88.74,990.467868338558,39.4217173689262,12.0,844000
438,1497.0,4,37.0,19.90211704,88.74,990.467868338558,45.4237152372882,12.0,904000
439,1497.0,4,37.0,19.90211704,88.74,990.467868338558,50.42538012758987,12.0,929000
440,1994.0,4,50.0,11.12,99.9804,1710.0,15.26190889841845,3.0,642478
441,1994.0,4,50.0,11.12,120.292,1738.0,15.26190889841845,3.0,589678
442,1994.0,4,50.0,11.12,120.292,1710.0,27.26590463514245,3.0,689761
443,1994.0,4,50.0,11.12,120.292,1738.0,27.26590463514245,3.0,788177
444,1994.0,4,50.0,11.12,99.9804,1710.0,30.767070058353617,3.0,2650777
445,1994.0,4,50.0,11.12,120.292,1738.0,27.26590463514245,3.0,628072
446,1994.0,4,50.0,11.12,120.292,1710.0,29.891154332057525,3.0,900967
447,1994.0,4,50.0,11.12,99.9804,1710.0,31.891820288178195,6.0,1465148
448,1994.0,4,50.0,11.12,120.292,1710.0,30.767070058353617,3.0,552890
449,1994.0,4,50.0,11.12,120.292,1710.0,29.891154332057525,3.0,927689
450,1994.0,4,50.0,11.12,120.292,1710.0,30.767070058353617,3.0,835275
451,1199.0,3,35.0,23.0,84.796,992.0,19.52613769802252,6.0,575000
452,1199.0,3,35.0,23.0,84.796,992.0,37.53213130310852,8.5,610000
453,1199.0,3,35.0,23.0,84.796,992.0,44.53446214953085,12.0,650000
454,1199.0,3,35.0,23.0,84.796,992.0,45.53479512759119,12.0,699000
455,1199.0,3,35.0,23.0,84.796,992.0,43.53412917147052,12.0,660000
456,1199.0,3,35.0,23.0,84.796,992.0,45.53479512759119,12.0,749000
457,1193.0,4,44.0,17.6,88.74,1135.0,18.98173544575592,8.0,582287
458,1248.0,4,44.0,23.0,73.95,1152.0,18.98173544575592,8.0,702946
459,1193.0,4,44.0,17.6,88.74,1135.0,25.483899803148084,12.0,653926
460,1193.0,4,44.0,17.6,88.74,1129.0,33.486563627630744,12.0,672641
461,1193.0,4,44.0,17.6,88.74,1135.0,45.49055936435475,12.0,732475
462,1248.0,4,44.0,23.0,73.95,1106.0,33.486563627630744,12.0,767317
463,1248.0,4,44.0,20.65,73.95,1155.0,33.486563627630744,12.0,793898
464,1248.0,4,44.0,23.0,88.74,1170.0,45.49055936435475,12.0,855362
465,1248.0,4,44.0,23.0,73.95,1170.0,33.486563627630744,12.0,836320
466,1248.0,4,44.0,23.0,88.74,1185.0,45.49055936435475,12.0,989000
467,1248.0,4,44.0,20.65,73.95,1155.0,33.486563627630744,12.0,788797
468,1199.0,4,35.0,19.0,88.74,942.0,41.54352730455401,11.0,763000
469,1498.0,4,35.0,27.4,98.6,993.0,37.54219539231268,12.0,705000
470,1199.0,4,35.0,19.5,88.74,905.0,26.53853263364901,11.0,593000
471,1498.0,4,35.0,23.8,78.88,1031.0,41.54352730455401,12.0,865000
472,1199.0,4,35.0,19.0,88.74,945.0,44.54452623873501,11.0,823000
473,1498.0,4,35.0,23.8,78.88,1039.0,44.54452623873501,12.0,925000
474,1498.0,4,35.0,27.4,98.6,1010.0,41.54352730455401,12.0,785000
475,1498.0,4,35.0,27.4,98.6,1023.0,43.54419326067468,12.0,893000
476,1498.0,4,35.0,27.4,98.6,1021.0,44.54452623873501,12.0,845000
477,1199.0,4,35.0,19.5,88.74,924.0,47.54552517291601,11.0,781000
478,1199.0,4,35.0,19.5,88.74,921.0,43.54419326067468,11.0,733000
479,1198.0,4,35.0,19.5,88.74,917.0,41.54352730455401,11.0,673000
480,1498.0,4,35.0,27.4,98.6,1023.0,43.54419326067468,12.0,906000
481,1199.0,4,35.0,19.5,88.74,924.0,47.54552517291601,11.0,794000
482,1498.0,4,35.0,27.4,98.6,1023.0,43.54419326067468,12.0,966000
483,1199.0,4,35.0,19.5,88.74,924.0,47.54552517291601,11.0,864000
484,1498.0,4,35.0,27.4,98.6,1023.0,43.54419326067468,12.0,979300
485,1199.0,4,35.0,19.5,88.74,924.0,47.54552517291601,11.0,877300
486,1498.0,4,35.0,27.4,98.6,1023.0,43.54419326067468,12.0,906300
487,1199.0,4,35.0,19.5,88.74,924.0,47.54552517291601,11.0,794300
488,1298.0,4,40.0,11.9,78.88,985.0,5.887271789386686,0.0,637343
489,1298.0,4,40.0,11.9,78.88,985.0,5.96689453157235,0.0,622730
490,1197.0,4,45.0,17.52,82.0,990.467868338558,37.43766640379887,12.0,655000
491,998.0,4,45.0,18.27,117.0,990.467868338558,37.43766640379887,12.0,826000
492,1397.0,4,49.30086207,23.7,89.0,990.467868338558,34.936833958648045,9.5,780000
493,998.0,4,45.0,18.27,117.0,990.467868338558,43.43966427216088,12.0,959000
494,998.0,4,45.0,18.27,117.0,990.467868338558,46.440663206341874,12.0,974000
495,998.0,4,45.0,18.27,117.0,990.467868338558,46.440663206341874,14.0,1065000
496,998.0,4,45.0,18.15,118.0,990.467868338558,35.93716693670838,14.0,940000
497,998.0,4,45.0,18.15,118.0,990.467868338558,47.44099618440221,14.0,1115500
498,1197.0,4,45.0,17.52,82.0,990.467868338558,37.43766640379887,12.0,725000
499,1397.0,4,49.30086207,23.7,89.0,990.467868338558,34.43666746961787,12.5,850000
500,1397.0,4,49.30086207,23.7,89.0,990.467868338558,40.43866533797988,12.0,983000
501,1397.0,4,49.30086207,23.7,89.0,990.467868338558,43.43966427216088,14.0,998000
502,1397.0,4,45.0,23.7,88.74,990.467868338558,43.43966427216088,14.0,1089000
503,1198.0,3,44.0,17.6,108.46,990.467868338558,32.95459361969236,9.5,695000
504,1198.0,3,44.0,17.6,108.46,990.467868338558,41.45742393320519,10.5,770000
505,1198.0,3,44.0,17.6,108.46,990.467868338558,47.45942180156719,10.5,870000
506,1198.0,3,44.0,17.6,108.46,990.467868338558,47.45942180156719,12.0,950000
507,1198.0,3,44.0,17.6,108.46,990.467868338558,47.45942180156719,12.0,970000
508,1198.0,3,44.0,17.6,108.46,990.467868338558,47.45942180156719,12.0,1040000
509,1198.0,3,44.0,17.6,108.46,990.467868338558,47.45942180156719,12.0,1060000
510,1198.0,3,44.0,17.6,108.46,990.467868338558,44.45842286738619,10.5,830000
511,1198.0,3,44.0,17.6,108.46,990.467868338558,47.45942180156719,12.0,1010000
512,1198.0,3,44.0,17.6,108.46,990.467868338558,47.45942180156719,12.0,1030000
513,1198.0,3,44.0,17.6,108.46,990.467868338558,47.45942180156719,12.0,1100000
514,1198.0,3,44.0,17.6,108.46,990.467868338558,47.45942180156719,12.0,1120000
515,1497.0,4,44.0,23.97,108.46,990.467868338558,18.949931926847693,9.5,845000
516,1497.0,4,44.0,23.97,108.46,990.467868338558,41.45742393320519,10.5,920000
517,1497.0,4,44.0,23.97,108.46,990.467868338558,47.45942180156719,10.5,1020000
518,1497.0,4,44.0,23.97,108.46,990.467868338558,47.45942180156719,12.0,1100000
519,1497.0,4,44.0,23.97,108.46,990.467868338558,47.45942180156719,12.0,1120000
520,1497.0,4,44.0,23.97,108.46,990.467868338558,47.45942180156719,12.0,1190000
521,1497.0,4,44.0,23.97,108.46,990.467868338558,47.45942180156719,12.0,1210000
522,1497.0,4,44.0,23.97,108.46,990.467868338558,44.45842286738619,10.5,980000
523,1497.0,4,44.0,23.97,108.46,990.467868338558,47.45942180156719,12.0,1160000
524,1497.0,4,44.0,23.97,108.46,990.467868338558,47.45942180156719,12.0,1180000
525,1497.0,4,44.0,23.97,108.46,990.467868338558,47.45942180156719,12.0,1250000
526,1497.0,4,44.0,23.97,108.46,990.467868338558,47.45942180156719,12.0,1270000
527,1368.0,4,45.0,15.7,112.404,1220.0,30.71357883611498,11.0,715860
528,1248.0,4,45.0,20.4,91.698,1236.0,30.71357883611498,11.0,862175
529,1248.0,4,45.0,20.4,91.698,1255.0,39.71657563865799,12.0,932025
530,1248.0,4,45.0,20.4,91.698,1268.0,37.71590968253732,12.0,991434
531,1368.0,4,45.0,15.7,112.404,1258.0,42.71757457283898,10.0,997763
532,1493.0,4,60.0,16.5,69.02,1615.0,34.47008123210358,8.0,886398
533,1493.0,4,60.0,16.5,69.02,1615.0,28.87880644531173,8.0,851302
534,1493.0,4,60.0,16.5,69.02,1615.0,17.875143686648066,7.0,785656
535,1493.0,4,60.0,16.5,70.0,1615.0,23.877141555010063,9.0,749192
536,2523.0,4,60.0,15.96,62.118,1615.0,23.87714399213772,1.5,859497
537,2523.0,4,60.0,15.96,63.0054,1615.0,15.211696702777882,1.0,819117
538,1248.0,4,48.0,24.3,88.74,1170.0,29.90071208118551,6.5,762742
539,1248.0,4,48.0,24.3,88.74,1170.0,37.403209416638006,8.0,814742
540,1248.0,4,48.0,24.3,88.74,1170.0,40.404208350819005,12.0,892243
541,1248.0,4,48.0,24.3,88.74,1170.0,43.405207285,12.0,987743
542,1248.0,4,48.0,24.3,88.74,1170.0,43.405207285,12.0,1003552
543,1248.0,4,48.0,24.3,88.74,1170.0,43.405207285,12.0,1037742
544,1248.0,4,48.0,24.3,88.74,1170.0,37.403209416638006,8.0,864742
545,1248.0,4,48.0,24.3,88.74,1170.0,40.404208350819005,12.0,942243
546,1248.0,4,48.0,24.3,88.74,1170.0,43.405207285,12.0,1059742
547,1197.0,4,40.0,17.19,81.838,990.467868338558,40.30581077445636,11.0,774035
548,1197.0,4,40.0,17.19,81.838,990.467868338558,46.307808642818365,10.0,858536
549,1197.0,4,40.0,17.19,81.838,990.467868338558,46.307808642818365,10.0,882298
550,1396.0,4,40.0,21.19,88.74,990.467868338558,46.307808642818365,10.0,993393
551,1497.0,3,52.0,17.0,121.278,1220.0,35.43870298938545,12.0,791000
552,1497.0,3,52.0,17.0,121.278,1225.0,38.439701923566446,12.0,871000
553,1497.0,3,52.0,17.0,121.278,1242.0,44.44169979192844,12.0,950000
554,1497.0,3,52.0,14.8,121.278,1320.0,47.44269872610945,14.0,1130000
555,1498.0,4,52.0,23.0,98.6,1261.0,35.43870298938545,12.0,841000
556,1498.0,4,52.0,23.0,98.6,1268.0,38.439701923566446,12.0,921000
557,1498.0,4,52.0,23.0,98.6,1300.0,44.44169979192844,12.0,999900
558,1498.0,4,52.0,23.0,98.6,1304.0,50.44369766029045,14.0,1090000
559,1497.0,4,52.0,23.0,121.278,1304.0,50.44369766029045,14.0,999900
560,1498.0,3,52.0,23.0,98.6,1242.0,44.44169979192844,12.0,1145000
561,1497.0,4,52.0,23.0,121.278,1304.0,50.44369766029045,14.0,999900
562,1498.0,4,52.0,23.0,98.6,1304.0,50.44369766029045,14.0,1090000
563,1498.0,4,50.0,13.87,104.516,1296.0,34.706885247523125,13.0,799990
564,1498.0,4,50.0,13.87,104.516,1296.0,38.70821715976446,14.0,919990
565,1498.0,4,50.0,13.87,104.516,1296.0,44.71021502812646,14.0,999990
566,1461.0,4,50.0,19.6,83.81,1296.0,26.70422142304046,13.0,929990
567,1461.0,4,50.0,19.6,83.81,1296.0,35.70721822558346,13.0,999990
568,1461.0,4,50.0,19.6,108.46,1296.0,35.70721822558346,14.0,1119990
569,1461.0,4,50.0,19.6,108.46,1296.0,47.71121396230746,14.0,1209990
570,1461.0,4,50.0,19.6,108.46,1296.0,41.70921609394546,14.0,1249990
571,1461.0,4,50.0,19.6,108.46,1296.0,35.70721822558346,14.0,1249990
572,1591.0,4,45.0,17.7,121.278,990.467868338558,43.64834018622534,12.0,999900
573,1582.0,4,45.0,23.9,126.208,990.467868338558,45.6490061618821,12.0,1172544
574,1582.0,4,45.0,23.5,126.208,990.467868338558,46.64933912040634,12.0,1301881
575,1591.0,4,45.0,17.7,121.278,990.467868338558,46.64933912040634,12.0,1172999
576,1582.0,4,45.0,17.1,126.208,990.467868338558,43.64834018622534,12.0,1328545
577,1591.0,4,45.0,17.7,121.278,990.467868338558,46.64933912040634,12.0,1287999
578,1396.0,4,45.0,19.1,98.6,990.467868338558,43.64834018622534,12.0,933182
579,1396.0,4,45.0,19.1,98.6,990.467868338558,30.64401147144101,12.0,817867
580,1591.0,4,45.0,17.7,121.278,990.467868338558,46.64933912040634,12.0,1178894
581,1591.0,4,45.0,17.7,121.278,990.467868338558,46.64933912040634,12.0,1162875
582,1582.0,4,45.0,17.1,126.208,990.467868338558,43.64834018622534,12.0,1407871
583,1396.0,4,45.0,19.90211704,98.6,990.467868338558,30.64401147144101,12.0,942867
584,1396.0,4,45.0,19.90211704,98.6,990.467868338558,43.64834018622534,12.0,999900
585,1197.0,4,42.0,17.0,109.0,990.467868338558,18.774721272778702,12.5,830127
586,1197.0,4,42.0,17.0,109.0,990.467868338558,29.77838403144237,14.0,915128
587,1197.0,4,42.0,17.0,109.0,990.467868338558,51.285543079275634,14.0,1060129
588,1197.0,4,42.0,17.0,109.0,990.467868338558,56.28720796469328,13.0,1184129
589,1497.0,4,42.0,20.0,115.0,990.467868338558,26.277218608231205,12.0,869131
590,1497.0,4,42.0,20.0,115.0,990.467868338558,45.28354521091363,12.0,950131
591,1497.0,4,42.0,20.0,115.0,990.467868338558,49.28487710361887,14.0,1095129
592,1497.0,4,42.0,20.0,115.0,990.467868338558,58.78804040251808,14.0,1214130
593,1497.0,4,42.0,20.0,115.0,990.467868338558,49.28487710361887,14.0,1149800
594,1497.0,4,42.0,20.0,115.0,990.467868338558,58.78804040251808,14.0,1269131
595,1497.0,4,42.0,20.0,115.0,990.467868338558,45.28354521091363,12.0,999000
596,1461.0,4,50.0,21.04,83.81,1299.0,17.70370133165061,11.5,863299
597,1461.0,4,50.0,21.04,83.81,1299.0,20.70470026583161,14.0,964199
598,1461.0,4,50.0,19.98,108.46,1338.0,46.23947780251182,14.0,1211599
599,1461.0,4,50.0,19.98,108.46,1368.0,45.52515009870698,14.0,1211599
600,1461.0,4,50.0,21.04,83.81,1299.0,43.71235876121928,14.0,1053899
601,1461.0,4,50.0,21.04,83.81,1299.0,43.71235876121928,14.0,1130099
602,1461.0,4,50.0,21.04,83.81,1299.0,20.516825647198647,14.0,964199
603,1598.0,4,55.0,16.09,103.53,1140.0,26.686465687471184,7.0,876500
604,1598.0,4,55.0,16.09,103.53,1140.0,46.693125248677845,12.0,999900
605,1598.0,4,55.0,16.09,103.53,1137.0,39.69079440225552,10.0,999900
606,1197.0,4,55.0,18.19,103.53,1179.0,46.693125248677845,12.0,1197500
607,1197.0,4,55.0,18.19,103.53,1174.0,46.693125248677845,12.0,1449500
608,1498.0,4,55.0,20.64,103.53,1193.0,26.686465687471184,7.0,958500
609,1498.0,4,55.0,20.64,103.53,1208.0,39.69079440225552,10.0,999900
610,1498.0,4,55.0,20.64,103.53,1211.0,46.693125248677845,12.0,1210500
611,1498.0,4,55.0,21.5,103.53,1211.0,46.693125248677845,12.0,1336500
612,1498.0,4,55.0,20.64,103.53,1211.0,46.693125248677845,12.0,1317500
613,1498.0,4,45.0,19.91,108.46,1148.0,44.20297174969595,10.0,1449500
614,1197.0,4,45.0,17.21,103.53,1109.0,44.26221506171066,12.0,1317500
615,1841.323668,4,49.30086207,19.90211704,254.388,937.0,41.739242595107925,8.0,881425
616,1841.323668,4,49.30086207,19.90211704,254.388,937.0,43.73990855122859,8.0,957177
617,1841.323668,4,35.0,19.90211704,409.19,990.467868338558,38.20860084215507,7.0,960868
618,1841.323668,4,35.0,19.90211704,409.19,990.467868338558,38.20860084215507,7.0,975868
619,1841.323668,4,35.0,19.90211704,409.19,990.467868338558,28.705437550581905,7.0,944175
620,1497.0,4,42.0,15.4,117.334,1199.0,19.04073190674834,5.5,952900
621,1497.0,4,42.0,15.4,117.334,1217.0,40.54789093504551,9.5,1052900
622,1497.0,4,42.0,15.4,117.334,1225.0,49.55088773758851,9.5,1167900
623,1497.0,4,42.0,15.4,117.334,1235.0,52.551886686421575,9.5,1271900
624,1497.0,4,42.0,16.0,117.334,1238.0,51.551553727897335,9.5,1285900
625,1498.0,4,42.0,21.9,98.6,1289.0,40.54789093504551,9.5,1187900
626,1498.0,4,42.0,21.9,98.6,1301.0,51.55155371324527,10.5,1273900
627,1498.0,4,42.0,21.9,98.6,1306.0,54.55255266207834,9.5,1382900
628,2498.0,4,60.0,13.0,105.0,1750.0,28.09613130401956,1.5,959860
629,2498.0,4,60.0,13.0,103.53,1750.0,31.09713023820056,3.5,999148
630,2498.0,4,60.0,13.0,105.0,1750.0,28.09613130401956,3.5,974860
631,2596.0,4,63.0,17.0,83.81,990.467868338558,7.391872355482992,2.5,999000
632,2596.0,4,63.0,17.0,83.81,990.467868338558,7.016121408808892,2.5,1075000
633,2149.0,4,63.0,19.90211704,140.0,990.467868338558,5.529104104193274,2.5,1299000
634,2149.0,4,63.0,19.90211704,140.0,990.467868338558,5.529104104193274,4.5,1330000
635,2596.0,4,63.0,17.0,83.81,990.467868338558,7.391872355482992,2.5,975000
636,2596.0,4,63.0,17.0,83.81,990.467868338558,7.016121408808892,2.5,1225000
637,1462.0,4,45.0,19.01,102.544,1180.0,43.35134454921433,12.0,984689
638,1462.0,4,45.0,19.01,102.544,1180.0,40.35034561503333,12.0,1041189
639,1462.0,4,45.0,17.01,102.544,1180.0,40.35034561503333,14.0,1094689
640,1462.0,4,45.0,17.01,102.544,1180.0,43.35134454921433,14.0,1151189
641,1368.0,4,49.30086207,17.1,140.998,990.467868338558,40.48952607494418,12.0,989219
642,2179.0,3,60.0,18.49,118.32,990.467868338558,37.28518765061211,12.0,992748
643,2179.0,3,60.0,18.49,118.32,990.467868338558,37.28518765061211,12.0,1029650
644,2179.0,3,60.0,18.49,118.32,990.467868338558,37.28518765061211,12.0,1142157
645,1497.0,4,45.0,17.3,121.0,990.467868338558,20.930523557718203,10.5,999900
646,1497.0,4,45.0,17.3,121.0,990.467868338558,29.9335203602612,12.0,1156471
647,1497.0,4,45.0,17.3,121.0,990.467868338558,37.936184184743865,12.0,1308592
648,1497.0,4,45.0,17.3,121.0,990.467868338558,46.93918098728688,12.0,1468440
649,1497.0,4,45.0,17.3,121.0,990.467868338558,21.118398176351164,10.5,999900
650,1497.0,4,45.0,17.3,121.0,990.467868338558,30.12139497889417,12.0,1164569
651,1497.0,4,45.0,17.3,121.0,990.467868338558,38.12405880337683,12.0,1316690
652,1497.0,4,45.0,17.3,121.0,990.467868338558,47.12705560591984,12.0,1476538
653,2523.0,4,60.0,15.4,73.95,990.467868338558,23.286265471937625,5.5,999994
654,2179.0,4,80.0,10.22,119.306,1865.0,40.69184873339175,9.5,1236258
655,2179.0,4,80.0,13.5,119.306,2510.0,30.688518952788414,9.5,1123158
656,2179.0,4,60.0,15.4,118.32,990.467868338558,21.28559951581696,7.5,1220030
657,2179.0,4,60.0,15.4,118.32,990.467868338558,21.28559951581696,7.5,1330006
658,2179.0,4,60.0,15.4,138.04,990.467868338558,21.28559951581696,7.5,1360668
659,2179.0,4,60.0,15.4,138.04,990.467868338558,45.29359098926496,8.5,1540081
660,2179.0,4,60.0,15.4,138.04,990.467868338558,51.29558885762697,8.5,1663054
661,2179.0,4,60.0,15.4,138.04,990.467868338558,32.289262274480635,8.5,1423710
662,1498.0,4,55.0,21.72,108.46,1228.0,50.627314852968375,12.0,1425599
663,1598.0,4,55.0,14.84,103.53,1187.0,36.62265316012371,12.0,1269599
664,1498.0,4,55.0,21.13,108.46,1210.0,50.627314852968375,12.0,1299599
665,1598.0,4,55.0,15.41,103.53,1137.0,50.627314852968375,12.0,1139599
666,2179.0,4,70.0,13.85,138.04,1785.0,48.36941657079592,14.0,1610180
667,2179.0,4,70.0,15.1,300.0,1785.0,37.94696994891194,6.0,1418313
668,2179.0,4,70.0,16.0,152.83,1785.0,41.36708572437359,14.0,1539488
669,2179.0,4,70.0,16.0,152.83,1785.0,51.37041550497692,14.0,1588943
670,2179.0,4,70.0,16.0,152.83,1785.0,47.36908359273559,14.0,1710118
671,2179.0,4,70.0,16.0,152.83,1785.0,51.37041550497692,14.0,1716319
672,2179.0,4,70.0,16.0,152.83,1785.0,47.36908359273559,14.0,1837586
673,2179.0,4,70.0,16.0,152.83,1785.0,51.37041550497692,14.0,1741319
674,2179.0,4,70.0,16.0,152.83,1785.0,47.36908359273559,14.0,1862586
675,2179.0,4,70.0,13.85,138.04,1785.0,48.36941657079592,14.0,1610180
676,2179.0,4,70.0,15.1,152.83,1785.0,37.94696994891194,6.0,1418313
677,2179.0,4,70.0,16.0,152.83,1785.0,41.36708572437359,14.0,1539488
678,2179.0,4,70.0,16.0,152.83,1785.0,51.37041550497692,14.0,1588943
679,2179.0,4,70.0,16.0,152.83,1785.0,47.36908359273559,14.0,1710118
680,2179.0,4,70.0,16.0,152.83,1785.0,51.37041550497692,14.0,1716319
681,2179.0,4,70.0,16.0,152.83,1785.0,47.36908359273559,14.0,1837586
682,2179.0,4,70.0,16.0,152.83,1785.0,51.37041550497692,14.0,1741319
683,2179.0,4,70.0,16.0,152.83,1785.0,47.36908359273559,14.0,1862586
684,2179.0,4,70.0,16.0,152.83,1785.0,51.37041550497692,14.0,1852488
685,2179.0,4,70.0,16.0,152.83,1785.0,47.36908359273559,14.0,1973664
686,2179.0,4,70.0,16.0,152.83,1785.0,20.36009317045452,10.5,1230924
687,72.0,4,49.30086207,19.90211704,404.26,990.467868338558,34.73915086866203,4.0,1293214
688,72.0,4,49.30086207,19.90211704,404.26,990.467868338558,20.73448917581736,4.0,1267208
689,72.0,4,49.30086207,19.90211704,404.26,990.467868338558,30.737818956420696,6.5,1303241
690,2179.0,4,60.0,17.6,300.0,2280.0,40.43578885967274,12.5,1639374
691,2179.0,4,60.0,17.6,153.816,2280.0,47.250245087462105,13.0,1929417
692,2179.0,4,60.0,17.6,153.816,2280.0,47.250245087462105,14.0,1912593
693,2179.0,4,49.30086207,17.6,153.816,2280.0,51.25157703877563,12.5,1796458
694,2179.0,4,60.0,17.6,147.9,2280.0,37.43478992549174,12.5,1371864
695,2179.0,4,60.0,17.6,153.816,2280.0,40.43578885967274,12.5,1531377
696,2179.0,4,49.30086207,17.6,153.816,2280.0,41.43612183773307,12.5,1655587
697,2393.0,4,55.0,15.4,147.9,1805.0,20.914345695351848,14.0,1605000
698,2393.0,4,55.0,15.0,147.9,1815.0,43.92200419073952,12.5,1927000
699,2393.0,4,55.0,15.4,147.9,1825.0,21.10222031398481,13.0,1610000
700,2393.0,4,55.0,15.4,147.9,1820.0,44.10987880937248,14.0,1932000
701,2393.0,4,55.0,15.1,147.9,1870.0,50.92433505181391,14.0,2113000
702,2694.0,4,55.0,10.83,163.676,1825.0,29.10488413846748,13.0,1620000
703,2694.0,4,55.0,10.83,163.676,1825.0,34.91900738819652,13.0,1615000
704,2393.0,4,55.0,10.75,164.0,1870.0,50.92433505181391,14.0,2103000
705,2393.0,4,55.0,11.25,147.9,1815.0,43.92200419073952,12.5,1807000
706,2755.0,4,55.0,11.25,171.564,1825.0,20.914345695351848,13.0,1493000
707,2755.0,4,55.0,11.25,171.564,1825.0,18.10122137980381,13.0,1498000
708,2393.0,4,55.0,15.0,147.9,1828.0,43.92200419073952,12.5,2097000
709,2393.0,4,55.0,11.25,163.676,1815.0,43.92200419073952,14.0,1892000
710,2694.0,4,55.0,10.75,163.676,1870.0,53.92533398599492,14.0,2171000
711,2393.0,4,55.0,15.4,147.9,1805.0,20.914345695351848,14.0,1592000
712,2393.0,4,55.0,15.1,147.9,1825.0,21.10222031398481,13.0,1587000
713,1368.0,6,60.0,16.3,159.732,1562.0,56.04502271472016,15.0,1996000
714,1368.0,6,60.0,16.3,159.732,1537.0,47.04202591217715,15.0,1560000
715,1368.0,6,60.0,14.1,159.732,1562.0,56.04502271472016,15.0,2055000
716,1956.0,6,60.0,17.1,170.578,1537.0,45.54152644508666,15.0,1661000
717,1956.0,6,60.0,17.1,170.578,1551.0,53.54419024270719,15.0,1803000
718,1956.0,6,60.0,17.1,170.578,1551.0,53.54419024270719,15.0,1888000
719,1956.0,6,60.0,17.1,170.578,1562.0,43.54086044745179,15.0,1973000
720,1956.0,6,60.0,17.1,170.578,1562.0,53.54419024270719,15.0,2022000
721,1956.0,6,60.0,16.3,170.578,1641.0,53.54419024270719,15.0,2151000
722,1956.0,6,60.0,16.3,170.578,1641.0,53.54419024270719,15.0,2199000
723,1368.0,6,60.0,16.3,159.732,1562.0,56.04502271472016,15.0,2167000
724,1956.0,6,60.0,17.1,170.578,1562.0,55.544856218363954,15.0,2133000
725,1956.0,6,60.0,16.3,170.578,1641.0,53.54419024270719,15.0,2311000
726,1956.0,6,60.0,17.1,170.578,1537.0,54.544523247629655,13.0,1699000
727,1368.0,6,60.0,16.3,159.732,1537.0,56.04502271472016,15.0,1599000
728,1368.0,6,60.0,14.1,160.718,1562.0,56.04502271472016,15.0,1900000
729,1368.0,6,60.0,16.3,159.732,1562.0,56.04502271472016,15.0,2070000
730,1956.0,6,60.0,17.1,170.578,1562.0,53.54419024270719,15.0,2036300
731,1956.0,6,60.0,16.3,170.578,1641.0,53.54419024270719,15.0,2214000
732,1956.0,6,60.0,17.1,170.578,1562.0,55.544856218363954,15.0,2499000
733,1956.0,6,60.0,17.1,170.578,1551.0,53.54419024270719,15.0,2196000
734,1798.0,4,55.0,16.7,138.04,1220.0,42.67855462175315,14.0,1645000
735,1798.0,4,55.0,16.7,138.04,1260.0,42.67855462175315,14.0,1806000
736,1798.0,4,55.0,16.7,138.04,1280.0,51.68155145848432,14.0,1882000
737,1364.0,4,43.0,21.0,87.1624,1270.0,48.68055252430332,14.0,1936000
738,1364.0,4,43.0,21.0,87.1624,1230.0,42.67855462175315,14.0,1771000
739,1798.0,4,55.0,16.7,138.04,1310.0,51.68155145848432,14.0,2019000
740,1799.0,4,47.0,16.5,139.026,1268.0,42.610349464407705,15.0,1793900
741,1799.0,4,47.0,16.5,139.026,1275.0,59.11584360972924,15.0,1944900
742,1799.0,4,47.0,16.8,139.026,1300.0,59.11584360972924,15.0,2124900
743,1597.0,4,47.0,26.8,118.32,1325.0,49.61268031083004,14.0,2054900
744,1597.0,4,47.0,26.8,118.32,1353.0,59.61601010608544,15.0,2234900
745,1841.323668,4,49.30086207,19.90211704,140.76,990.467868338558,43.65072079396308,15.0,2088000
746,1841.323668,4,49.30086207,19.90211704,140.76,990.467868338558,48.15221921721269,15.0,2358000
747,2199.0,4,49.30086207,19.90211704,197.2,990.467868338558,58.79207699054909,15.0,2495000
748,2199.0,4,49.30086207,19.90211704,197.2,990.467868338558,58.79207699054909,15.0,2515000
749,2199.0,4,49.30086207,19.90211704,197.2,990.467868338558,64.79407485891109,15.0,2895000
750,2199.0,4,49.30086207,19.90211704,197.2,990.467868338558,68.7954068102246,15.0,2995000
751,2199.0,4,49.30086207,19.90211704,197.2,990.467868338558,70.79607272727308,15.0,3395000
752,1798.0,4,66.0,14.12,177.48,1449.0,63.53146941797199,14.0,2599599
753,1798.0,4,66.0,14.67,177.48,1540.0,63.53146941797199,14.0,2779599
754,1798.0,4,66.0,13.7,177.48,1540.0,65.53213539362875,15.0,3099599
755,1968.0,4,66.0,18.19,174.522,1565.0,63.53146941797199,15.0,3349599
756,1968.0,4,66.0,18.19,174.522,1565.0,63.53146941797199,15.0,3029599
757,1798.0,4,66.0,14.67,177.48,1540.0,63.53146941797199,14.0,2599599
758,1968.0,4,66.0,18.19,174.522,1565.0,63.53146941797199,15.0,2849599
759,1984.0,5,60.0,16.81,147.9,1500.0,54.013607073877,12.5,2769000
760,1984.0,5,60.0,16.81,147.9,1500.0,65.01726985207675,14.0,3191000
761,2755.0,4,80.0,12.9,174.522,1970.0,48.24847733861411,13.0,3205000
762,2755.0,4,80.0,14.24,174.522,1970.0,52.24980925085544,11.0,3019000
763,2755.0,4,80.0,14.24,174.522,990.467868338558,48.43473804242626,13.0,3216000
764,2755.0,4,80.0,12.9,174.522,990.467868338558,48.43473804242626,13.0,3395000
765,2694.0,4,80.0,10.26,163.676,990.467868338558,48.43473804242626,13.0,2977000
766,2694.0,4,80.0,10.01,163.676,990.467868338558,52.43606995466759,11.0,2818000
767,2755.0,4,80.0,12.9,174.522,1970.0,52.249809289927626,14.0,3420000
768,3198.0,5,80.0,10.91,197.2,2394.0,62.524051381290064,14.0,3470000
769,2198.0,4,80.0,12.62,157.76,2238.0,60.5233854056333,14.0,3233000
770,2198.0,4,80.0,12.62,157.76,2238.0,60.5233854056333,14.0,2920000
771,1496.0,3,44.0,21.15,114.376,1245.0,47.459468793952,12.0,2990000
772,1998.0,4,44.0,15.75,189.312,1250.0,47.64734355422164,15.0,3420000
773,1968.0,4,63.0,16.25,148.0,1799.0,63.714427755070254,13.5,3399000
774,1995.0,4,51.0,20.68,190.0,990.467868338558,57.21272363175139,15.0,3520000
775,1995.0,4,51.0,20.68,187.34,990.467868338558,58.71232430022028,15.0,3930000
776,1995.0,4,51.0,20.68,187.34,990.467868338558,59.21249079657649,15.0,4570000
777,1995.0,4,61.0,17.05,187.0,1670.0,50.207519402559214,15.0,4240000
778,1998.0,4,51.0,16.3,192.0,990.467868338558,58.60581521666872,15.0,3830000
779,1969.0,4,67.0,19.90211704,366.792,1661.0,60.65152692260449,12.0,5602000
780,1984.0,5,67.5,21.7,181.0,1665.0,59.54693190760783,14.0,3850500
781,1995.0,4,40.0,19.62,187.34,1590.0,50.71714489002162,15.0,4140000
782,1995.0,4,40.0,19.62,187.34,1590.0,50.71714489002162,15.0,4690000
783,1998.0,4,59.0,16.13,254.388,1595.0,50.71714489002162,15.0,4790000
784,2400.0,5,67.0,19.6,187.34,1776.0,64.96515076140929,15.0,4426500
785,1968.0,4,64.0,16.9,187.34,1585.0,63.19079853256173,14.0,5021200
786,1968.0,4,64.0,15.73,187.34,1585.0,63.19079853256173,14.0,5621200
787,1984.0,6,70.0,12.44,248.0,1955.0,59.39730804279544,15.0,5021200
788,1984.0,6,70.0,12.44,248.0,1955.0,59.39730804279544,15.0,5621200
789,1999.0,4,49.30086207,15.6,176.494,1915.0,62.12701461034713,15.0,5494000
790,1999.0,4,49.30086207,15.6,176.494,1915.0,62.12701461034713,15.0,5985000
791,1997.0,4,49.30086207,19.90211704,241.57,1929.0,62.12701461034713,15.0,5494000
792,1997.0,4,49.30086207,19.90211704,241.57,1929.0,62.12701461034713,15.0,5985000
793,1991.0,4,80.0,12.0,190.0,990.467868338558,71.3644805761918,15.0,5861062
794,2987.0,6,80.0,142.0,264.938,990.467868338558,73.36514651766039,14.0,7285332
795,2987.0,6,80.0,142.0,264.938,990.467868338558,73.36514651766039,14.0,5964321
796,5461.0,8,80.0,8.5,549.0,1845.0,55.66874745914235,14.0,15000000
797,1991.0,4,80.0,12.0,181.424,990.467868338558,71.3644805761918,15.0,5750000
798,1991.0,4,80.0,12.0,181.424,990.467868338558,71.3644805761918,15.0,6150000
799,2987.0,6,80.0,142.0,264.938,990.467868338558,73.36514651766039,14.0,5850000
800,2987.0,6,80.0,142.0,264.938,990.467868338558,73.36514651766039,14.0,6250000
801,1969.0,5,70.0,18.8,229.738,1879.0,61.291159003986365,14.0,5990000
802,1995.0,4,60.0,16.4,188.0,1740.0,49.58102783785385,14.0,6060000
803,2993.0,6,68.0,16.4,261.29,1820.0,46.58002890367285,14.0,6590000
804,1998.0,6,68.0,13.32,248.0,1820.0,43.579029969491856,14.0,6350000
805,1999.0,4,85.0,8.4,264.248,990.467868338558,48.56904263580677,12.0,6394000
806,1991.0,4,60.0,19.90211704,258.0,990.467868338558,60.35505267528285,15.0,6426497
807,1998.0,4,52.0,7.6,197.0,1495.0,57.35875962401762,15.0,6490000
808,2998.0,6,52.0,7.6,340.0,1610.0,55.10417958841725,15.0,7890000
809,2143.0,4,93.0,19.90211704,163.0,990.467868338558,58.97104369375063,15.0,6840000
810,2143.0,4,93.0,19.90211704,163.0,990.467868338558,58.78316795179229,15.0,8190000
811,1950.0,4,70.0,19.90211704,160.718,990.467868338558,63.284666414114085,13.5,11000000
812,2967.0,6,75.0,14.75,245.514,2330.0,75.30627705589477,15.0,7221500
813,2967.0,6,75.0,14.75,245.514,2330.0,75.30627705589477,15.0,8021500
814,1984.0,6,75.0,11.68,248.472,2330.0,78.30727599007577,15.0,6921500
815,1984.0,6,75.0,19.90211704,248.472,2330.0,78.30727599007577,15.0,7621500
816,2967.0,6,75.0,14.75,245.514,2330.0,75.30627705589477,15.0,8111500
817,1984.0,6,75.0,19.90211704,248.472,2330.0,78.30727599007577,15.0,7711500
818,1998.0,4,49.30086207,15.7,236.64,2013.0,60.62053843655206,15.0,6952964
819,1999.0,4,49.30086207,15.7,176.494,990.467868338558,53.69114774287263,15.0,7246802
820,1997.0,4,65.0,12.63,246.5,990.467868338558,51.69048180628806,15.0,7246802
821,1950.0,6,80.0,12.06,194.0,990.467868338558,73.36155063941072,14.0,7500000
822,1969.0,4,68.0,17.2,221.85,2962.0,78.84864583420998,14.0,8790000
823,1969.0,4,68.0,17.2,221.85,2910.0,80.34914531351053,14.0,8090000
824,1969.0,4,68.0,19.90211704,401.302,2910.0,79.78552145761165,14.0,13124000
825,1969.0,4,68.0,17.2,320.0,2962.0,78.39444710876383,14.0,9665000
826,1969.0,4,68.0,17.2,235.0,2962.0,78.84864583420998,14.0,8491500
827,4999.0,8,49.30086207,19.90211704,567.0,2310.0,74.73184613765699,12.5,20517853
828,1997.0,8,105.0,19.90211704,296.0,2083.0,63.60376611990304,15.0,8670586
829,1997.0,8,105.0,19.90211704,296.0,2083.0,63.60376611990304,15.0,9448181
830,2995.0,6,85.0,19.90211704,335.0,2134.0,64.12787726190204,15.0,11476911
831,1997.0,8,105.0,19.90211704,296.0,2687.0,69.60576398826504,15.0,15600000
832,2995.0,6,85.0,19.90211704,335.0,2134.0,61.126878327721045,15.0,13228725
833,4999.0,8,49.30086207,19.90211704,518.0,990.467868338558,74.73184612300491,14.0,17940227
834,2993.0,6,80.0,19.90211704,254.0,2134.0,65.93480458221023,14.0,10373732
835,2993.0,6,80.0,19.90211704,254.0,2134.0,64.93447158949783,13.5,11913021
836,4367.0,8,105.0,11.5,335.0,2443.0,74.6074288981028,14.0,14908985
837,2993.0,6,82.0,12.9,270.164,1871.0,78.34484359603265,15.0,9738609
838,2993.0,6,83.0,12.9,270.164,1871.0,78.34484359603265,15.0,10725145
839,2993.0,6,82.0,12.9,302.0,1860.0,78.26190297386412,15.0,11129599
840,2995.0,6,75.0,3.4,340.0,2370.0,56.62211363576583,15.0,15806000
841,3996.0,6,90.0,16.2,550.0,2245.0,56.819591381553735,15.0,19210000
842,2995.0,6,75.0,19.90211704,330.31,2840.0,56.86896076916048,15.0,11936000
843,2987.0,4,70.0,19.90211704,271.15,1810.0,53.38735271935232,0.0,13387856
844,2987.0,4,70.0,19.90211704,275.0,1810.0,53.38735271935232,0.0,13881858
845,2987.0,4,70.0,19.90211704,275.0,1810.0,53.38735271935232,0.0,14247814
846,4461.0,8,93.0,9.0,261.29,2740.0,75.95544676614367,15.0,14699000
847,3993.0,8,75.0,9.8,552.16,1995.0,76.19131637011073,15.0,17072000
848,4999.0,8,105.0,9.6,518.0,2687.0,74.02367356094905,15.0,26037526
849,4999.0,8,105.0,9.6,550.188,2687.0,77.73284564326872,14.0,32522000
850,2995.0,6,85.0,11.6,335.0,2687.0,76.13187456151351,13.5,19527130
851,4999.0,8,65.0,10.0,558.0,2330.0,76.75645732550325,14.0,40499548
852,2993.0,6,49.30086207,19.90211704,254.0,990.467868338558,75.71118478754867,15.0,18185267
853,2993.0,6,49.30086207,19.90211704,254.0,2687.0,75.04153433191541,13.5,19527130
854,4367.0,8,49.30086207,19.90211704,335.0,2687.0,78.54269976245261,15.0,25174051
855,4367.0,8,49.30086207,19.90211704,335.0,990.467868338558,60.47324878317186,8.0,39294685
856,4367.0,8,49.30086207,19.90211704,335.0,990.467868338558,68.53937000138538,14.0,23675691
857,2995.0,6,85.0,11.6,335.0,2687.0,67.12887775897052,13.5,21398758
858,4691.0,8,75.0,9.8,443.7,1980.0,59.53628256832269,15.0,19865675
859,3982.0,8,75.0,7.8,502.86,1645.0,64.45915171198149,15.0,21583466
860,3982.0,8,75.0,7.8,576.81,1630.0,64.489711304678,15.0,23264134
861,3982.0,8,75.0,7.8,469.336,1670.0,64.09381794478936,15.0,22733626
862,1841.323668,8,65.0,19.90211704,630.054,990.467868338558,15.40433537330176,0.0,24200000
863,5204.0,10,90.0,10.6,601.46,1422.0,54.89647579762487,13.5,37133704
864,5204.0,10,90.0,11.24,571.88,1389.0,54.89647579762487,13.5,32452486
865,5204.0,10,90.0,8.0,601.46,1422.0,54.89647579762487,13.5,35150732
866,5204.0,10,90.0,10.6,630.054,1422.0,54.89647579762487,13.5,37614126
867,5204.0,10,90.0,11.24,571.0,1389.0,54.89647579762487,13.5,35535000
868,5204.0,10,90.0,10.6,602.0,1422.0,54.89647579762487,13.5,40742932
869,5204.0,10,90.0,10.6,631.0,1422.0,54.89647579762487,13.5,37300000
870,5204.0,10,49.30086207,10.6,631.0,990.467868338558,53.528370162493886,15.0,41000000
871,5204.0,10,90.0,10.6,601.46,990.467868338558,54.90052074429276,13.5,32200000
872,3902.0,8,78.0,5.5,660.62,1475.0,59.22635593193916,13.5,36761413
873,3902.0,8,78.0,5.5,660.62,1475.0,59.22635593193916,13.5,39319552
874,3900.0,8,91.0,5.5,601.46,1920.0,60.04914120456716,13.5,42000000
875,6262.0,8,91.0,5.5,671.446,1920.0,60.04914120456716,13.5,52000000
876,6498.0,12,90.0,5.0,690.2,1575.0,43.019109685436575,7.0,47893943
877,6498.0,12,90.0,8.8,690.2,1575.0,44.51960915252707,7.0,53210327
878,6498.0,12,90.0,5.0,729.64,1575.0,43.01910976846497,14.0,47467700
879,6598.0,12,80.0,7.9,563.006,2608.0,62.05472634507359,15.0,59216193
880,6749.0,12,100.0,9.8,446.658,2649.0,58.07272156657784,15.0,83755383
881,796.0,3,35.0,16.8,342.142,785.0,5.610808090407536,1.5,282778
882,796.0,3,36.0,16.8,342.142,785.0,6.174431946306424,1.5,284485
883,1198.0,3,35.0,20.6,67.048,990.467868338558,19.240661484610197,14.0,412292
884,1198.0,3,35.0,20.6,67.048,990.467868338558,35.7461556226057,8.0,552656
885,1198.0,3,35.0,20.6,67.048,990.467868338558,35.7461556226057,12.5,574448
886,1198.0,3,35.0,20.6,67.048,990.467868338558,25.2426593529722,11.5,555196
887,1198.0,3,35.0,20.6,67.048,990.467868338558,22.241660418791195,5.5,500575
888,1198.0,3,35.0,20.6,67.048,990.467868338558,35.7461556226057,8.0,593361
889,1198.0,3,35.0,20.6,67.048,990.467868338558,35.7461556226057,12.5,615153
890,1198.0,3,35.0,20.6,76.908,990.467868338558,35.7461556226057,8.0,658361
891,1198.0,3,35.0,20.6,76.908,990.467868338558,35.7461556226057,12.5,680153
892,1172.0,4,45.0,15.0,67.048,1165.0,27.258801539908514,8.0,482330
893,1248.0,4,45.0,20.0,75.0,1173.0,33.760965926604825,11.0,575947
894,1194.0,4,42.0,20.4,94.656,1026.0,34.986795679651706,9.5,523000
895,1498.0,4,40.0,25.5,98.6,1057.0,34.986795679651706,9.5,623000
896,1196.0,4,42.0,20.4,94.656,1026.0,43.48962599316454,12.0,599900
897,1498.0,4,40.0,25.5,98.6,1057.0,41.488960037043874,12.0,699900
898,1194.0,4,42.0,20.4,94.656,1026.0,43.48962599316454,12.0,664900
899,1498.0,4,40.0,25.5,98.6,1057.0,43.48962599316454,12.0,764900
900,1248.0,4,37.0,27.39,73.95,970.0,40.405707654845415,12.0,746621
901,1248.0,4,37.0,27.39,73.95,985.0,50.409037435448745,12.0,868221
902,1248.0,4,37.0,27.39,73.95,960.0,18.898548626548248,12.0,668611
903,1248.0,4,37.0,27.39,73.95,980.0,40.405707654845415,12.0,807921
904,1197.0,4,37.0,21.4,83.0,890.0,43.40670658902641,12.0,758212
905,1197.0,4,37.0,21.4,83.0,935.0,43.40670658902641,12.0,890212
906,1197.0,4,37.0,21.4,83.0,870.0,40.405707654845415,12.0,636612
907,1197.0,4,37.0,21.04,83.0,910.0,40.405707654845415,12.0,768612
908,1197.0,4,37.0,21.4,83.0,865.0,18.898548626548248,12.0,558602
909,1197.0,4,37.0,21.4,83.0,880.0,40.405707654845415,12.0,697912
910,1197.0,4,37.0,21.4,83.0,870.0,40.405707654845415,12.0,733412
911,1197.0,4,37.0,21.4,83.0,880.0,40.405707654845415,12.0,789912
912,1197.0,4,37.0,21.04,83.0,920.0,40.405707654845415,12.0,829912
913,1197.0,4,43.0,18.9,81.838,1003.0,23.19793994757483,12.0,586428
914,1197.0,4,43.0,19.77,81.838,1003.0,35.20193568429883,12.0,620637
915,1197.0,4,43.0,17.49,81.838,990.467868338558,23.19793994757483,10.5,652328
916,1197.0,4,43.0,17.49,81.838,1003.0,38.20293461847983,12.0,705538
917,1197.0,4,43.0,19.77,81.838,1003.0,35.20193568429883,12.0,640537
918,1197.0,4,43.0,19.90211704,82.0,1003.0,23.19793994757483,12.0,653452
919,1248.0,4,45.0,19.5,74.936,1210.0,22.710914835807475,3.0,751203
920,1368.0,4,45.0,14.9,88.74,1180.0,22.710914835807475,3.0,646336
921,1248.0,4,45.0,19.5,74.936,1210.0,30.713578660290143,7.5,808558
922,1498.0,4,41.0,16.95,97.614,990.467868338558,19.17427193954825,14.0,707025
923,1498.0,4,41.0,16.95,97.614,990.467868338558,40.68143096784542,14.0,836461
924,1461.0,4,41.0,22.71,84.796,990.467868338558,40.68143096784542,14.0,912534
925,1461.0,4,41.0,22.71,84.796,990.467868338558,46.68342883620743,14.0,993997
926,1461.0,4,41.0,22.71,84.796,990.467868338558,19.17427193954825,14.0,860997
927,1498.0,4,41.0,17.97,99.586,990.467868338558,46.68342883620743,14.0,993997
928,1461.0,4,41.0,22.71,84.796,990.467868338558,43.68242990202643,14.0,877285
929,1462.0,4,45.0,19.34,103.0,1135.0,23.514583145806284,14.0,759000
930,1462.0,4,45.0,19.34,104.0,1175.0,41.11839736622878,14.0,917000
931,1462.0,4,45.0,18.69,103.0,1170.0,36.13470932748333,12.0,936000
932,1462.0,4,45.0,19.34,103.0,1170.0,44.137373151966,14.0,971000
933,1462.0,4,45.0,19.34,103.0,1175.0,30.114734607565115,12.0,834000
934,1462.0,4,45.0,18.69,104.0,1180.0,41.11839736622878,14.0,1013000
935,1498.0,4,45.0,24.2,95.0,1225.0,45.13770613002633,14.0,986689
936,1498.0,4,45.0,24.2,95.0,1225.0,38.13537528360399,14.0,1069689
937,1498.0,4,45.0,24.2,95.0,1225.0,48.13870506420733,14.0,1120689
938,1462.0,4,45.0,19.34,103.0,1175.0,30.114734607565115,12.0,887689
939,998.0,3,37.0,21.4,100.572,950.0,46.40770552320741,12.0,788913
940,1498.0,4,40.0,25.5,98.6,1204.0,49.451155686498254,10.5,1035000
941,1199.0,4,40.0,17.5,88.74,1104.0,47.45048971084149,10.5,925000
942,1498.0,4,40.0,25.5,98.6,1176.0,41.44849184247949,9.5,925000
943,1199.0,4,40.0,17.5,88.74,1087.0,44.44949077666049,9.5,815000
944,1498.0,4,40.0,25.5,98.6,1176.0,41.44849184247949,9.5,916050
945,1199.0,4,40.0,17.5,88.74,1087.0,44.44949077666049,9.5,808050
946,1498.0,4,40.0,25.5,98.6,1204.0,49.451155686498254,10.5,1048050
947,1199.0,4,40.0,17.5,88.74,1104.0,47.45048971084149,10.5,935050
948,1498.0,4,40.0,25.5,98.6,1204.0,49.451155686498254,10.5,995000
949,1493.0,3,60.0,18.49,82.824,1590.0,20.90410878635139,11.0,854328
950,1493.0,3,60.0,18.49,82.824,1590.0,31.90777154501506,12.0,914328
951,1493.0,3,60.0,18.49,82.824,1590.0,31.90777154501506,12.0,976592
952,1493.0,3,60.0,18.49,98.6,1590.0,43.91176728173906,12.0,999614
953,1493.0,3,60.0,18.49,98.6,1590.0,47.91309919398039,12.0,1031943
954,1493.0,3,60.0,18.49,98.6,1590.0,44.91210025979939,12.0,1022930
955,1493.0,3,60.0,18.49,98.6,1590.0,47.91309919398039,12.0,1055259
956,1248.0,4,48.0,23.65,88.74,1215.0,36.49344542328204,12.0,880689
957,1248.0,4,48.0,23.65,88.74,1224.0,40.494777335523366,12.0,992689
958,1248.0,4,48.0,23.65,88.74,1233.0,43.495776269704365,12.0,1043689
959,1248.0,4,48.0,23.65,88.74,1240.0,46.49677520388537,12.0,1143689
960,1498.0,4,50.0,13.86,104.516,990.467868338558,44.54226395118628,14.0,949999
961,1461.0,4,50.0,20.37,108.46,990.467868338558,44.54226395118628,14.0,1049999
962,1461.0,4,50.0,20.37,108.46,990.467868338558,50.54426181954828,14.0,1299999
963,1498.0,4,50.0,13.86,104.516,990.467868338558,50.54426181954828,14.0,1199999
964,2489.0,4,55.0,13.9,93.67,1875.0,17.941449930594608,8.0,963037
965,2489.0,4,55.0,13.9,93.67,1875.0,20.942448864775606,8.0,1004487
966,2179.0,4,55.0,14.02,118.32,1875.0,20.942448864775606,5.0,1031951
967,2179.0,4,55.0,14.02,118.32,1875.0,20.942448864775606,4.0,1066139
968,2179.0,4,55.0,14.02,119.306,1875.0,31.133653264011908,7.5,1228335
969,1497.0,4,60.0,16.8,400.0,990.467868338558,41.61638853797661,9.5,989000
970,1497.0,4,60.0,16.8,113.39,990.467868338558,44.61738747215762,11.0,1029000
971,1497.0,4,60.0,16.8,113.39,990.467868338558,44.61738747215762,12.0,1149000
972,1497.0,4,60.0,16.8,113.39,990.467868338558,47.618386406338615,12.0,1309000
973,1497.0,4,60.0,16.8,113.39,990.467868338558,61.623048152907536,14.0,1409000
974,1493.0,4,60.0,20.0,112.404,990.467868338558,41.61638853797661,9.5,1034000
975,1493.0,4,60.0,20.0,113.39,990.467868338558,44.61738747215762,12.0,1154000
976,1493.0,4,60.0,20.0,113.39,990.467868338558,44.61738747215762,12.0,1254000
977,1493.0,4,60.0,20.0,113.39,990.467868338558,44.61738747215762,13.0,1354000
978,1493.0,4,60.0,20.0,113.39,990.467868338558,61.623048152907536,12.0,1534000
979,1493.0,4,60.0,20.0,113.39,990.467868338558,61.623048152907536,14.0,1634000
980,1353.0,4,50.0,16.1,138.04,990.467868338558,47.618386406338615,12.0,1379000
981,1353.0,4,50.0,16.1,138.04,990.467868338558,47.618386406338615,14.0,1529000
982,1353.0,4,50.0,16.5,138.04,990.467868338558,62.12321464926374,14.0,1629000
983,1353.0,4,50.0,16.1,138.04,990.467868338558,62.12321464926374,14.0,1629000
984,1493.0,4,60.0,20.0,113.39,990.467868338558,47.618386406338615,12.0,1414000
985,1461.0,4,50.0,20.45,83.81,1236.0,20.70222363282284,12.0,999900
986,1461.0,4,50.0,19.01,108.46,1360.0,40.7088831940295,14.0,1464900
987,1598.0,4,50.0,13.24,102.544,1360.0,31.7058863914865,14.0,999900
988,1461.0,4,50.0,20.45,83.81,1360.0,31.7058863914865,14.0,1235700
989,1461.0,4,50.0,19.01,108.46,1360.0,40.7088831940295,14.0,1419900
990,1461.0,4,50.0,20.45,83.81,1236.0,20.70222363282284,12.0,1235700
991,2179.0,4,63.0,14.0,147.9,2000.0,32.09537180781957,7.0,1109005
992,2179.0,4,63.0,14.0,147.9,2000.0,33.145139381621135,11.0,1335158
993,2179.0,4,63.0,14.1,153.816,2095.0,39.14713724998313,11.0,1479574
994,2179.0,4,63.0,14.1,153.816,2095.0,39.14713724998313,11.0,1643829
995,1500.0,4,49.30086207,19.90211704,141.0,990.467868338558,22.541509050563867,7.0,1248000
996,2000.0,4,49.30086207,17.41,168.0,990.467868338558,22.541509050563867,8.5,1348000
997,2000.0,4,49.30086207,17.41,168.0,990.467868338558,28.543506918925864,8.5,1448000
998,2000.0,4,49.30086207,17.41,168.0,990.467868338558,28.543506918925864,8.5,1588000
999,2000.0,4,49.30086207,17.41,168.0,990.467868338558,33.54517180922753,11.5,1728000
1000,1500.0,4,49.30086207,19.90211704,141.0,990.467868338558,25.542507984744866,8.5,1328000
1001,1500.0,4,49.30086207,19.90211704,141.0,990.467868338558,25.542507984744866,8.5,1388000
1002,1500.0,4,49.30086207,19.90211704,141.0,990.467868338558,33.54517180922753,11.5,1628000
1003,1500.0,4,49.30086207,19.90211704,141.0,990.467868338558,20.54084310909527,8.5,1498000
1004,1500.0,4,49.30086207,19.90211704,141.0,990.467868338558,26.542840977457267,11.0,1568000
1005,1500.0,4,49.30086207,19.90211704,141.0,990.467868338558,33.54517180922753,12.5,1718000
1006,1841.323668,4,49.30086207,19.90211704,127.194,990.467868338558,34.53471582896853,12.0,1399000
1007,1841.323668,4,49.30086207,19.90211704,127.194,990.467868338558,32.53404987284786,12.0,1499000
1008,1841.323668,4,49.30086207,19.90211704,127.194,990.467868338558,32.53404987284786,12.0,1599000
1009,1999.0,4,50.0,14.6,149.872,990.467868338558,37.53077436097402,12.0,1589000
1010,1999.0,4,50.0,14.6,149.872,990.467868338558,46.53377116351702,14.0,1849000
1011,1999.0,4,50.0,14.6,149.872,990.467868338558,46.53377116351702,14.0,1949000
1012,1999.0,4,50.0,14.6,149.872,990.467868338558,57.03726745512863,14.0,2039000
1013,1995.0,4,62.0,18.42,185.0,990.467868338558,44.55557477000444,12.0,2079717
1014,1999.0,4,62.0,13.03,152.83,990.467868338558,44.55557477000444,12.0,1876656
1015,1995.0,4,62.0,16.38,185.0,990.467868338558,64.56223438493537,13.0,2364354
1016,1999.0,4,62.0,12.95,152.83,990.467868338558,64.56223438493537,13.0,2187384
1017,1995.0,4,62.0,16.38,185.0,990.467868338558,64.56223438493537,15.0,2697417
1018,1999.0,4,62.0,12.95,152.83,990.467868338558,64.56223438493537,13.0,2373522
1019,1999.0,4,62.0,12.95,152.83,990.467868338558,64.56223438493537,13.0,2246749
1020,1995.0,4,62.0,16.38,185.0,990.467868338558,64.56223438493537,13.0,2423720
1021,1968.0,4,55.0,17.42,177.48,1535.0,66.44107059459303,14.0,3021500
1022,1968.0,4,66.0,17.42,177.48,1550.0,70.44240250683437,14.0,3321500
1023,1968.0,4,55.0,17.42,177.48,1535.0,66.44107059459303,14.0,2599000
1024,1968.0,4,66.0,17.42,177.48,1550.0,70.44240250683437,14.0,2899000
1025,1595.0,4,50.0,15.5,120.292,1395.0,49.92855118217606,15.0,2785288
1026,2143.0,4,50.0,15.5,134.096,1515.0,50.03730729280677,13.5,2886871
1027,1984.0,5,60.0,16.8,147.9,1607.0,62.40049078766383,14.0,3283000
1028,1596.0,4,50.0,16.0,177.48,1587.0,46.42841913946987,14.0,2962000
1029,1998.0,4,47.0,14.41,189.312,990.467868338558,61.4690284631492,14.0,3490000
1030,1998.0,4,47.0,19.19,187.34,990.467868338558,59.9685290180368,14.0,3740000
1031,1998.0,4,47.0,14.41,189.312,990.467868338558,62.9695279522178,14.0,4140000
1032,1998.0,4,47.0,14.41,189.312,990.467868338558,62.9695279522178,14.0,4240000
1033,1950.0,4,66.0,12.06,192.0,1655.0,57.21886012771333,13.5,4020000
1034,1950.0,4,66.0,12.06,192.0,1655.0,57.21886012771333,13.5,4670000
1035,1950.0,4,66.0,16.05,241.0,1655.0,57.21886012771333,13.5,4974750
1036,3982.0,8,66.0,1449.0,503.0,1730.0,57.14302825863194,15.0,7500000
1037,1497.0,4,66.0,12.06,181.0,1655.0,57.21886012771333,13.5,4090000
1038,1497.0,4,66.0,12.06,181.0,1655.0,57.21886012771333,15.0,4654000
1039,1798.0,4,43.0,23.9,96.628,990.467868338558,59.52012330513448,14.0,4509000
1040,2487.0,4,49.30086207,17.8,176.0,1670.0,67.56997680817732,13.5,5695000
1041,2494.0,6,56.0,18.3,191.284,1905.0,61.89820010085275,15.0,6060000
1042,2494.0,6,56.0,18.3,191.284,1785.0,62.726546579272295,15.0,5990000
1043,1999.0,4,60.0,16.38,177.48,1830.0,63.220436797694624,15.0,6463780
1044,1997.0,4,60.0,21.27,247.0,1830.0,63.220436797694624,15.0,6422809
1045,1969.0,4,60.0,17.2,231.71,2962.0,78.43334892035107,14.0,6531000
1046,1968.0,4,58.0,17.2,187.34,1875.0,47.04248632209642,15.0,6948200
1047,1950.0,4,93.0,19.90211704,241.57,990.467868338558,79.063095616376,15.0,7370000
1048,2925.0,6,93.0,19.90211704,325.38,2150.0,79.063095616376,15.0,12500000
1049,1950.0,4,49.30086207,19.90211704,245.0,990.467868338558,57.57788224599811,15.0,8470000
1050,2998.0,6,80.0,13.38,335.0,990.467868338558,75.88204306396953,15.0,10490000
1051,2993.0,6,80.0,13.38,262.0,990.467868338558,80.38354151163925,15.0,10250000
1052,2979.0,6,60.0,10.75,424.996,1612.0,60.8381066414895,13.5,13590000
1053,2981.0,6,64.0,8.9,450.0,1515.0,61.36430221138036,15.0,17420000
1054,2981.0,6,64.0,9.1,450.0,1585.0,61.36430221138036,15.0,18844000
1055,3799.0,6,74.0,9.0,562.02,1752.0,59.61401051831011,15.0,21240272
1056,3982.0,8,73.0,8.0,505.0,1530.0,52.63095103931055,5.5,29500000
1057,5935.0,12,90.5,12.9,552.16,1990.0,59.73000546157264,15.0,38845823
1058,6496.0,12,92.0,14.9,789.0,1630.0,59.551491059762526,13.5,52000000
1059,796.0,3,35.0,23.7,48.0,720.0,18.464033601159088,3.0,354235
1060,796.0,3,35.0,24.7,48.0,720.0,18.464033430218272,3.0,356559
1061,1186.0,3,37.0,20.7,73.95,990.467868338558,35.21092398797635,12.0,675090
1062,1197.0,4,37.0,20.7,81.838,935.0,24.70742771834285,7.0,504990
1063,1197.0,4,37.0,20.7,81.838,935.0,35.21092398797635,12.0,589610
1064,1197.0,4,37.0,20.7,81.838,935.0,35.21092398797635,12.0,642610
1065,1197.0,4,37.0,20.7,81.838,935.0,40.21258887827802,12.0,643350
1066,1197.0,4,37.0,20.7,81.838,935.0,40.21258887827802,12.0,703350
1067,1197.0,4,37.0,20.7,81.838,935.0,40.21258887827802,10.5,673350
1068,1197.0,4,37.0,20.7,81.838,935.0,46.214586746640016,12.0,718950
1069,1186.0,3,37.0,20.7,73.95,990.467868338558,40.21258887827802,12.0,790350
1070,1186.0,3,37.0,20.7,73.95,990.467868338558,46.214586746640016,12.0,804450
1071,1197.0,4,43.0,20.14,81.838,990.467868338558,35.500128144764936,12.0,643769
1072,1197.0,4,43.0,17.36,80.852,990.467868338558,29.498130276402936,10.0,733734
1073,1197.0,4,43.0,20.14,80.852,1100.0,38.501127078945935,12.0,705546
1074,1197.0,4,43.0,19.90211704,80.852,1100.0,41.50212601312694,12.0,782346
1075,1120.0,3,43.0,19.90211704,70.992,1100.0,35.500128144764936,12.0,742033
1076,1197.0,4,43.0,19.90211704,81.838,1100.0,18.99463400676944,11.0,581078
1077,1120.0,3,43.0,25.4,73.95,1100.0,38.501127078945935,12.0,798558
1078,1120.0,3,43.0,25.4,70.992,1100.0,43.5027919692476,12.0,875358
1079,1197.0,4,43.0,19.90211704,73.95,1100.0,18.99463400676944,11.0,673261
1080,1198.0,3,41.0,19.34,75.922,930.0,37.194975075204255,10.5,662880
1081,1198.0,3,41.0,19.34,75.922,990.467868338558,43.19697294356626,12.5,781686
1082,1461.0,4,41.0,23.08,63.104,990.467868338558,37.194975075204255,12.5,743504
1083,1461.0,4,41.0,23.08,63.104,1001.0,37.194975075204255,12.5,812964
1084,2523.0,4,60.0,15.96,62.118,1615.0,25.4670849765712,8.0,942263
1085,2523.0,4,60.0,15.96,62.118,1615.0,22.876809123960346,8.0,917055
1086,2523.0,4,60.0,15.96,62.118,1615.0,17.87514423365868,7.0,860720
1087,2523.0,4,60.0,15.96,62.118,1615.0,17.875144790437343,7.0,815883
1088,2523.0,4,60.0,15.96,62.118,1615.0,5.871149053713342,7.0,773678
1089,1248.0,4,43.0,28.09,89.0,1105.0,44.73798778192474,12.0,1102689
1090,1248.0,4,43.0,28.09,89.0,1105.0,37.73565693550241,12.0,919689
1091,1248.0,4,43.0,28.09,89.0,1105.0,40.73665586968342,12.0,980689
1092,1248.0,4,43.0,28.09,89.0,1105.0,43.737654803864416,10.5,1062689
1093,1462.0,4,43.0,21.56,103.0,1010.0,37.73565693550241,12.0,819689
1094,1462.0,4,43.0,21.56,103.0,1010.0,40.73665586968342,12.0,881689
1095,1462.0,4,43.0,21.56,103.0,1010.0,46.73865373804541,10.5,958689
1096,1462.0,4,43.0,21.56,103.0,1010.0,44.73798778192474,12.0,997689
1097,1462.0,4,43.0,20.28,103.0,1010.0,40.73665586968342,12.0,980689
1098,1462.0,4,43.0,20.28,103.0,1010.0,46.73865373804541,12.0,1058688
1099,1462.0,4,43.0,20.28,103.0,1010.0,44.73798778192474,12.0,1098689
1100,1498.0,4,43.0,26.82,250.0,1105.0,44.73798778192474,12.0,1138189
1101,1498.0,4,43.0,26.32,94.0,1105.0,40.73665586968342,12.0,997689
1102,1498.0,4,43.0,26.32,94.0,1105.0,43.737654803864416,10.5,1109189
1103,1598.0,4,55.0,15.41,103.53,1137.0,44.62531698460637,12.0,998599
1104,1498.0,4,55.0,21.13,108.46,1210.0,23.618324445339372,9.0,1006139
1105,1598.0,4,55.0,15.41,103.53,1137.0,23.618324445339372,9.0,881916
1106,1498.0,4,55.0,21.13,108.46,1210.0,44.62531698460637,12.0,1129599
1107,1498.0,4,55.0,21.72,108.46,1228.0,44.62531698460637,12.0,1249599
1108,1598.0,4,55.0,14.84,103.53,1187.0,33.621654225942706,12.0,1243599
1109,1498.0,4,55.0,21.72,108.46,1228.0,41.62431805042537,12.0,1399599
1110,1498.0,4,55.0,21.13,108.46,1210.0,47.62631591878737,12.0,1273599
1111,1598.0,4,55.0,15.41,103.53,1137.0,47.62631591878737,12.0,1115599
1112,1598.0,4,55.0,14.84,103.53,1187.0,44.62531698460637,12.0,999599
1113,1598.0,4,55.0,15.41,103.53,1137.0,50.627314852968375,12.0,975599
1114,1598.0,4,55.0,14.84,103.53,1187.0,36.62265316012371,12.0,1099599
1115,1498.0,4,55.0,21.13,108.46,1210.0,50.627314852968375,12.0,1158599
1116,1498.0,4,55.0,21.72,108.46,1228.0,50.627314852968375,12.0,1273599
1117,1368.0,4,49.30086207,16.3,142.97,990.467868338558,34.478989532985565,12.0,980970
1118,1396.0,4,55.0,21.38,88.74,990.467868338558,36.68867595639791,11.0,999990
1119,1591.0,4,55.0,15.29,121.278,990.467868338558,36.68867595639791,11.0,999990
1120,1591.0,4,55.0,15.29,121.278,1180.0,47.69233871506157,11.0,1232534
1121,1591.0,4,55.0,15.29,121.278,1180.0,52.69400362489934,11.0,1394437
1122,1591.0,4,55.0,15.29,121.278,1180.0,47.69233871506157,11.0,1377363
1123,1591.0,4,55.0,15.29,121.278,1180.0,47.69233871506157,11.0,1287041
1124,1396.0,4,55.0,21.38,88.74,990.467868338558,37.68900893445824,11.0,1197919
1125,1582.0,4,55.0,19.67,126.208,990.467868338558,47.69233871506157,11.0,1366797
1126,1582.0,4,55.0,19.67,126.208,990.467868338558,52.69400362489934,13.0,1543564
1127,1582.0,4,55.0,17.01,126.208,990.467868338558,47.69233871506157,11.0,1527395
1128,1582.0,4,55.0,19.67,126.208,990.467868338558,47.69233871506157,11.0,1421208
1129,1582.0,4,55.0,17.01,126.208,990.467868338558,47.69233871506157,11.0,1336033
1130,1591.0,4,55.0,15.29,121.0,1180.0,52.69400362489934,11.0,1422937
1131,1582.0,4,55.0,19.67,126.0,990.467868338558,52.69400362489934,13.0,1572064
1132,1396.0,4,55.0,21.38,88.74,990.467868338558,39.68967489057891,11.0,1107167
1133,1591.0,4,55.0,15.29,121.278,990.467868338558,39.68967489057891,11.0,1092192
1134,1591.0,4,55.0,15.29,121.278,1180.0,44.54323150084379,11.0,1279983
1135,1582.0,4,55.0,19.67,126.208,990.467868338558,44.54323150084379,11.0,1414247
1136,1956.0,3,50.0,16.7,138.04,990.467868338558,26.637841141800926,10.5,1345363
1137,1956.0,3,50.0,16.7,138.04,990.467868338558,40.6425028346456,10.5,1471368
1138,1956.0,3,50.0,16.7,138.04,1080.0,44.643834761539,10.5,1591368
1139,1956.0,3,50.0,16.7,138.04,990.467868338558,44.643834761539,14.0,1721368
1140,1956.0,3,50.0,16.7,138.04,990.467868338558,44.643834761539,14.0,1732231
1141,1956.0,3,50.0,16.7,138.04,990.467868338558,44.643834761539,14.0,1730755
1142,2499.0,4,49.30086207,10.3,132.124,1935.0,44.560072843713954,11.5,1654783
1143,2499.0,4,49.30086207,10.3,134.0,1945.0,47.56107177789495,11.5,1806813
1144,1898.0,4,49.30086207,10.3,147.9,1935.0,47.31359298500092,11.5,1999000
1145,2360.0,4,60.0,9.62,164.662,1602.0,48.41451432984769,11.5,2693000
1146,1991.0,4,50.0,13.8,180.438,1525.0,58.60015002840642,15.0,3438000
1147,2143.0,4,70.0,17.9,134.096,1585.0,59.10031652476263,15.0,3233000
1148,2143.0,4,70.0,17.9,134.096,1585.0,59.10031652476263,15.0,3564000
1149,1991.0,4,50.0,13.8,354.96,1720.0,50.09731982478412,15.0,7784944
1150,2143.0,4,70.0,17.9,167.62,1585.0,59.10031652476263,15.0,3864000
1151,1991.0,4,50.0,13.8,369.75,1720.0,50.09731982478412,15.0,8067000
1152,1993.0,4,60.0,23.1,142.97,1620.0,61.57990439339342,15.0,4321237
1153,1995.0,4,70.0,18.12,187.34,1705.0,60.32132149474124,15.0,5930000
1154,2993.0,6,70.0,14.69,254.388,1705.0,60.32132149474124,13.5,6680000
1155,1998.0,6,70.0,15.01,248.472,1705.0,60.32132149474124,15.0,5980000
1156,2993.0,6,88.0,16.46,261.29,1865.0,75.0090860388614,15.0,6890000
1157,2993.0,6,88.0,16.46,261.29,1865.0,75.0090860388614,15.0,7450000
1158,4395.0,8,70.0,7.94,443.7,990.467868338558,47.88864150568314,4.5,6440000
1159,1995.0,4,66.0,21.76,188.0,1720.0,75.33504740918255,15.0,6440000
1160,2995.0,6,65.0,19.90211704,344.114,1865.0,64.31146937630776,15.0,8503000
1161,1984.0,6,65.0,10.8,244.528,1865.0,70.31346724466975,15.0,6998000
1162,5000.0,4,49.30086207,19.90211704,488.07,990.467868338558,17.57939095284696,0.0,23659454
1163,5000.0,6,72.0,14.3,542.3,990.467868338558,44.20355131948125,5.5,22155390
1164,5000.0,8,70.0,12.05,559.062,990.467868338558,58.42445114513584,13.5,26501830
1165,5000.0,8,70.0,12.05,559.062,1720.0,58.22104910721865,13.5,28004965
1166,1997.0,6,63.0,15.3,297.0,1577.0,58.37097193484031,15.0,9092578
1167,1997.0,6,63.0,19.90211704,297.0,1614.0,58.16756989692311,15.0,10144987
1168,1997.0,8,63.0,10.7,297.0,1665.0,58.16756989692311,15.0,10419200
1169,1997.0,4,63.0,10.85,297.0,1730.0,58.37097193484031,15.0,9366433
1170,4395.0,8,68.0,9.8,616.25,1950.0,61.17285229703799,15.0,15490000
1171,5700.0,4,93.0,18.0,374.68,2660.0,62.99574330543648,15.0,23290000
1172,3902.0,8,86.0,5.5,659.634,1525.0,57.2256899758185,13.5,43367500
1173,998.0,3,32.0,22.5,67.048,990.467868338558,37.35248093725211,10.5,479000
1174,998.0,3,32.0,22.5,67.048,990.467868338558,37.35248093725211,10.5,526000
1175,1197.0,3,32.0,21.5,81.838,990.467868338558,37.37719823512273,12.0,548000
1176,998.0,3,32.0,22.5,67.048,990.467868338558,24.848318711497942,10.5,434000
1177,1197.0,3,32.0,21.5,81.838,830.0,37.35248093725211,10.5,513501
1178,1197.0,3,32.0,21.5,81.838,990.467868338558,37.35248093725211,10.5,560500
1179,1197.0,3,32.0,21.5,81.838,990.467868338558,37.35248093725211,10.5,594800
1180,998.0,3,32.0,22.5,67.048,990.467868338558,24.848318711497942,10.5,441000
1181,998.0,3,32.0,22.5,67.048,990.467868338558,37.35248093725211,10.5,486001
1182,1197.0,3,32.0,21.5,81.838,830.0,37.35248093725211,10.5,520500
1183,1197.0,3,32.0,21.5,81.838,990.467868338558,37.35248093725211,10.5,567500
1184,998.0,3,32.0,22.5,67.048,990.467868338558,37.35248093725211,10.5,533000
1185,998.0,3,32.0,19.90211704,67.048,990.467868338558,24.848318711497942,10.5,500500
1186,998.0,3,32.0,19.90211704,67.048,990.467868338558,24.848318711497942,10.5,507500
1187,1199.0,3,35.0,23.84,83.81,1017.0,46.18019872785409,12.0,594993
1188,1047.0,3,35.0,27.28,69.02,1085.0,40.178200859492094,12.0,689993
1189,1199.0,3,35.0,23.84,83.81,1017.0,46.18019872785409,12.0,639993
1190,1493.0,3,60.0,17.21,98.6,990.467868338558,17.965144642448,4.0,797802
1191,1493.0,3,60.0,17.21,98.6,990.467868338558,31.969806335292667,9.5,905642
1192,1493.0,3,60.0,17.21,98.6,990.467868338558,43.97380207201667,9.5,984818
1193,1493.0,3,49.30086207,17.21,98.6,990.467868338558,17.965144642448,8.0,832415
1194,1493.0,3,60.0,16.21,98.6,990.467868338558,30.96947335723233,9.5,972359
1195,1493.0,3,60.0,16.21,98.6,990.467868338558,43.97380207201667,9.5,1048603
1196,1498.0,4,50.0,14.23,104.516,990.467868338558,35.55506564845389,14.0,955000
1197,1498.0,4,50.0,14.23,104.516,990.467868338558,38.55606458263489,13.0,1095000
1198,1461.0,4,50.0,20.45,108.46,990.467868338558,35.55506564845389,14.0,1109000
1199,1461.0,4,50.0,20.45,108.46,990.467868338558,38.55606458263489,14.0,1251000
1200,1461.0,4,50.0,20.45,108.46,990.467868338558,44.558062450996886,14.0,1369000
1201,1461.0,4,50.0,20.45,108.46,990.467868338558,53.561059253539895,14.0,1465000
1202,1461.0,4,50.0,20.45,108.46,990.467868338558,53.561059253539895,14.0,1465000
1203,1461.0,4,50.0,20.45,108.46,990.467868338558,41.55706351681589,14.0,989000
1204,2200.0,4,60.0,19.90211704,98.5635,2275.0,10.634930463660602,5.5,1205000
1205,1841.323668,4,49.30086207,19.90211704,136.0,990.467868338558,50.34722634234328,15.0,2371858
1206,2487.0,4,50.0,23.2,175.508,1665.0,63.05724287346218,14.0,3788000
1207,1968.0,4,49.30086207,19.2,187.34,2115.0,46.38910591012044,15.0,6061200
1208,2993.0,6,85.0,18.0,254.388,990.467868338558,69.33547419947897,15.0,10205494
1209,2993.0,6,85.0,18.0,254.388,990.467868338558,62.33314335305664,15.0,9689321
1210,2995.0,6,89.0,9.17,388.484,990.467868338558,69.33547419947897,15.0,8433741
1211,2995.0,6,89.0,9.17,388.484,990.467868338558,62.33314335305664,15.0,8077550
1212,2993.0,6,85.0,18.0,254.388,990.467868338558,61.3328103749963,15.0,8877094
1213,2995.0,6,89.0,9.17,388.484,990.467868338558,61.3328103749963,15.0,7693664
1214,2993.0,6,85.0,18.0,254.388,990.467868338558,63.33347633111697,15.0,10861088
1215,2995.0,6,89.0,9.17,388.484,990.467868338558,63.33347633111697,15.0,8937846
1216,3456.0,6,82.0,15.4,294.814,2300.0,62.662401815114734,15.0,18221000
1217,3456.0,6,82.0,15.4,294.814,2322.0,62.662401815114734,15.0,18736000
1218,3456.0,6,82.0,15.4,294.814,2345.0,62.662401815114734,15.0,19371000
1219,6749.0,12,100.0,23.0,453.56,2649.0,61.2615951193918,15.0,95000000
1220,6749.0,12,100.0,23.0,453.56,2694.0,61.261596340397645,15.0,75400000
1221,1172.0,4,45.0,15.7,67.048,1095.0,29.25946752533332,11.0,535562
1222,1172.0,4,45.0,20.5,74.936,1095.0,33.760965926604825,11.0,631292
1223,1248.0,4,45.0,20.3,74.936,1165.0,35.26146539369532,12.0,692655
1224,1248.0,4,45.0,21.2,74.936,1095.0,39.26279728640056,10.0,747774
1225,1496.0,4,42.0,17.1,105.502,1090.0,26.664851439093884,14.0,940000
1226,1496.0,4,42.0,17.1,105.502,1095.0,29.66585037327488,14.0,1055000
1227,1498.0,4,42.0,17.1,105.502,1105.0,47.67184397836088,14.0,1174000
1228,1496.0,4,42.0,17.8,105.502,1135.0,53.67384188091104,14.0,1418000
1229,1496.0,4,42.0,17.8,105.502,1115.0,29.66585037327488,14.0,1175000
1230,1496.0,4,42.0,17.8,105.502,1110.0,26.664851439093884,14.0,1010000
1231,1496.0,4,42.0,17.8,105.502,1125.0,47.67184397836088,14.0,1294000
1232,1496.0,4,42.0,17.1,105.502,1120.0,53.67384188091104,14.0,1296000
1233,1498.0,4,42.0,17.1,105.502,1105.0,50.67284291254188,14.0,1197000
1234,1496.0,4,42.0,17.1,105.502,1090.0,26.664851439093884,14.0,876000
1235,1496.0,4,42.0,17.1,105.502,1095.0,29.66585037327488,14.0,974000
1236,1496.0,4,42.0,17.1,105.502,1090.0,26.664851439093884,14.0,935000
1237,1496.0,4,42.0,17.1,105.502,1095.0,29.66585037327488,14.0,1083000
1238,1498.0,4,42.0,17.1,105.502,1105.0,50.67284291254188,14.0,1317000
1239,1395.0,4,50.0,16.7,138.04,1260.0,46.93438683747186,14.0,1599599
1240,1968.0,4,50.0,21.0,140.998,1340.0,46.93438683747186,14.0,1799599
1241,1395.0,4,50.0,16.7,138.04,1260.0,55.93738364001486,14.0,1899599
1242,1798.0,4,50.0,15.1,177.48,1376.0,59.43854910474022,14.0,2059599
1243,1968.0,4,50.0,21.0,140.998,1340.0,59.43854910474022,14.0,2079599
1244,1968.0,4,50.0,19.5,140.998,1395.0,59.43854910474022,14.0,2299599
1245,1798.0,4,50.0,15.1,177.48,1376.0,59.43854910474022,14.0,2359599
1246,1968.0,4,50.0,19.5,140.998,1395.0,59.43854910474022,14.0,2359599
1247,1395.0,4,50.0,16.7,138.04,1260.0,55.93738364001486,14.0,1549000
1248,1968.0,4,50.0,21.0,139.026,1340.0,59.43854910474022,14.0,1699000
1249,1798.0,4,50.0,15.1,177.48,1376.0,59.43854910474022,14.0,1999599
1250,1968.0,4,50.0,19.5,140.998,1395.0,59.43854910474022,14.0,2199599
1251,1991.0,4,66.0,13.51,194.242,990.467868338558,63.45428801884084,15.0,5275000
1252,1950.0,4,50.0,18.18,191.284,990.467868338558,63.45428801884084,15.0,5775000
1253,2995.0,6,75.0,11.6,335.24,2030.0,65.68043952273409,15.0,13151000
1254,2995.0,8,90.0,15.3,542.3,2200.0,65.62712054192085,15.0,19763000
1255,1461.0,4,50.0,21.0,64.09,1140.0,17.733490388157065,4.0,748370
1256,1461.0,4,50.0,21.0,64.09,1140.0,20.37902945024977,6.5,772617
1257,1461.0,4,50.0,21.0,118.32,1140.0,30.3823592308531,10.5,845154
1258,2477.0,4,70.0,10.77,175.508,1935.0,52.9182597508723,12.0,2903750
1259,2477.0,4,70.0,10.77,175.508,1935.0,52.9182597508723,12.0,2835500
1260,2477.0,4,70.0,10.77,175.508,2040.0,52.9182597508723,12.0,2953240
1261,2477.0,4,70.0,10.77,175.508,1935.0,52.9182597508723,12.0,2992800
1262,2477.0,4,70.0,10.77,175.508,1935.0,52.9182597508723,12.0,2952500
1263,3993.0,8,90.0,4.0,499.902,2417.0,58.1998615457955,15.0,34167064
1264,5998.0,12,90.0,4.0,607.376,2475.0,58.1998615457955,15.0,39382083
1265,1497.0,4,40.0,17.4,117.334,1063.0,34.718928567566216,12.0,991000
1266,1497.0,4,40.0,17.8,117.334,1061.0,49.723923238471215,12.0,1065900
1267,1497.0,4,40.0,17.4,117.334,1084.0,54.72558812877288,12.0,1182000
1268,1497.0,4,40.0,18.0,117.334,1100.0,56.72625408489355,12.0,1312000
1269,1498.0,4,40.0,25.6,98.6,1147.0,32.71826261144555,12.0,1111000
1270,1498.0,4,40.0,25.6,98.6,1148.0,49.723923238471215,12.0,1191000
1271,1498.0,4,40.0,25.1,98.6,1170.0,54.72558812877288,12.0,1302000
1272,1498.0,4,40.0,25.1,98.6,1175.0,48.72359026041089,12.0,1421000
1273,1497.0,4,40.0,22.6,117.334,1107.0,48.72359026041089,12.0,1431000
1274,1497.0,4,40.0,17.8,117.334,1080.0,49.723923238471215,12.0,1201000
1275,3200.0,4,88.0,11.56,199.172,2335.0,51.246947347690224,14.0,6862560
